CGPA,Package_LPA
6.87,2.17
9.75,8.23
8.66,7.39
7.99,3.62
5.78,4.47
5.78,2.01
5.29,1.5
9.33,8.8
8.01,5.15
8.54,6.57
5.1,1.5
9.85,7.54
9.16,9.27
6.06,1.75
5.91,1.5
5.92,2.54
6.52,1.5
7.62,2.46
7.16,5.14
6.46,1.5
8.06,1.5
5.7,2.39
6.46,2.97
6.83,2.48
7.28,4.09
8.93,6.07
6.0,1.5
7.57,7.54
7.96,3.3
5.23,1.84
8.04,5.22
5.85,1.5
5.33,1.5
9.74,10.63
9.83,7.02
9.04,5.48
6.52,4.84
5.49,1.5
8.42,3.33
7.2,6.02
5.61,1.5
7.48,3.22
5.17,1.5
9.55,8.69
6.29,5.91
8.31,3.5
6.56,4.0
7.6,4.84
7.73,5.14
5.92,3.72
9.85,10.42
8.88,4.39
9.7,11.68
9.47,4.85
7.99,3.58
9.61,7.2
5.44,4.27
5.98,2.0
5.23,1.5
6.63,5.11
6.94,2.86
6.36,1.5
9.14,6.57
6.78,5.11
6.4,2.56
7.71,8.01
5.7,3.04
9.01,6.48
5.37,1.5
9.93,8.15
8.86,6.68
5.99,9.23
5.03,2.37
9.08,7.62
8.53,6.28
8.65,8.02
8.86,7.41
5.37,4.1
6.79,5.58
5.58,1.5
9.32,5.82
8.12,4.05
6.65,2.01
5.32,1.71
6.55,1.65
6.63,6.45
8.65,9.62
8.19,5.34
9.44,11.11
7.36,6.05
5.6,1.5
8.57,2.26
8.8,5.79
7.81,4.69
8.85,7.69
7.47,4.38
7.61,4.93
7.14,5.1
5.13,1.5
5.54,1.97
5.16,1.5
8.18,6.08
6.57,5.14
7.54,2.43
9.54,7.75
6.25,2.16
7.05,2.69
8.78,7.8
6.14,1.5
5.38,1.5
6.45,1.58
5.81,3.24
9.65,7.62
9.04,7.48
8.17,7.58
9.36,6.22
9.02,7.37
5.93,4.75
9.46,7.77
7.7,5.26
9.04,6.47
9.48,4.79
6.59,2.45
5.55,1.5
6.14,5.4
7.14,3.25
9.09,5.62
9.3,6.63
5.03,1.67
7.55,5.12
7.09,6.28
6.11,3.16
5.6,1.5
6.69,2.02
9.71,8.42
6.62,2.26
7.59,5.71
8.52,6.17
6.82,2.12
9.86,7.76
9.81,5.02
6.26,1.76
7.49,5.55
6.5,3.64
6.42,1.5
5.18,1.5
8.05,5.05
7.51,3.58
5.26,1.5
6.39,1.89
9.54,10.81
6.2,4.07
5.72,3.44
7.45,2.89
9.93,7.66
6.21,2.6
8.36,4.94
8.81,4.86
6.19,1.5
8.64,6.98
6.84,2.98
8.16,6.78
8.17,6.45
7.68,6.21
5.45,1.5
9.18,6.57
6.6,1.96
5.93,1.5
5.2,1.5
7.95,6.69
8.39,5.32
5.08,3.09
7.56,5.44
6.13,1.6
8.23,6.63
5.87,2.37
8.45,5.15
6.93,6.33
9.68,8.55
5.69,1.98
6.71,2.27
5.57,3.36
9.62,8.11
9.39,7.91
6.29,2.07
8.3,6.94
9.09,9.21
7.78,4.65
7.65,1.98
6.21,3.06
5.47,1.5
9.49,7.12
9.5,5.38
8.17,8.19
6.7,2.35
6.75,5.62
8.63,5.96
9.49,9.77
9.44,9.62
8.9,4.3
8.21,6.05
5.42,5.32
5.81,1.91
9.49,7.04
8.03,5.76
5.05,1.5
5.51,1.5
8.32,6.67
5.03,1.5
5.8,1.5
7.74,7.6
8.46,5.0
8.26,3.74
6.12,3.82
8.56,5.8
6.19,1.5
6.63,3.76
8.73,5.6
8.25,3.85
9.25,6.92
8.29,6.79
7.84,4.92
5.47,1.5
6.84,3.88
6.33,4.0
6.22,2.2
9.87,9.7
6.97,4.98
9.46,7.85
8.16,5.03
8.97,5.37
7.51,3.52
7.88,6.32
7.46,7.12
5.98,1.76
8.61,7.57
6.4,2.67
5.12,1.5
8.23,8.61
5.89,3.04
9.7,6.08
9.77,6.14
9.57,9.41
6.85,3.48
5.08,1.5
9.64,7.92
7.14,4.48
9.83,10.41
9.82,9.55
9.27,9.49
6.47,4.43
6.93,2.92
9.26,4.6
6.58,1.54
5.85,2.88
7.78,3.23
9.68,10.55
8.48,8.17
7.85,6.73
5.49,1.5
8.08,4.75
9.95,10.65
5.7,1.5
7.59,7.14
9.39,8.99
8.7,5.22
8.49,4.86
8.51,5.63
6.8,3.47
6.47,4.45
9.05,5.18
9.05,6.25
9.34,8.72
9.57,7.35
7.56,4.0
7.51,2.5
8.99,8.08
8.25,4.09
8.51,7.61
8.98,6.3
9.45,4.83
6.69,2.4
6.88,4.75
5.47,1.5
7.89,4.32
5.18,1.97
7.33,3.82
7.71,2.64
6.43,2.58
7.95,6.56
5.15,3.51
5.19,1.5
9.11,8.04
6.8,4.07
5.64,3.09
7.61,4.73
8.85,4.85
6.08,3.11
8.11,3.02
5.43,1.5
5.26,1.5
7.66,6.25
7.7,4.29
8.19,7.81
8.63,6.6
9.88,8.16
7.58,5.27
6.61,2.06
8.98,7.5
6.35,1.5
7.19,5.39
5.39,2.83
5.13,1.5
9.81,8.46
9.18,7.78
8.48,6.41
7.04,1.5
5.87,1.5
5.78,2.29
6.25,3.48
7.75,3.97
8.57,8.01
8.3,7.84
6.4,1.5
9.77,7.0
8.69,9.35
7.77,2.87
8.06,5.56
7.1,3.4
6.24,4.06
6.78,5.61
8.79,6.06
5.07,2.39
5.58,5.08
5.23,1.5
5.2,2.35
9.28,5.57
8.52,5.86
7.37,3.78
5.49,2.89
7.46,5.58
7.37,4.25
5.87,4.06
7.17,6.63
6.99,5.61
8.08,4.46
8.18,4.58
5.23,1.5
6.87,5.01
8.13,3.6
7.52,5.69
9.28,6.09
8.29,6.03
5.81,2.24
5.35,3.24
8.21,6.33
5.13,3.21
7.93,7.08
9.7,6.77
7.88,3.6
6.94,2.64
8.22,3.32
7.29,3.33
7.73,5.66
9.71,5.42
6.93,3.2
9.81,9.72
9.53,6.69
5.98,1.5
5.35,1.5
5.5,1.5
5.09,1.5
5.47,3.47
8.42,5.39
5.36,4.2
6.59,5.27
9.22,5.3
5.12,1.5
9.07,7.64
6.41,4.91
5.59,1.5
8.48,7.83
8.14,6.74
9.39,7.24
8.68,6.24
9.02,7.02
6.41,2.67
5.89,1.5
8.75,6.79
9.03,7.76
9.95,7.09
7.06,5.05
6.86,3.03
8.88,2.51
6.7,2.67
9.65,7.37
9.29,9.73
7.14,3.32
8.75,4.74
8.77,7.15
5.52,1.5
9.51,5.68
7.53,4.69
9.13,4.54
6.6,1.56
9.48,9.02
6.95,4.21
5.05,1.5
9.53,7.87
5.46,2.0
6.6,4.98
9.75,7.64
9.75,7.6
7.87,3.87
8.16,6.17
7.24,4.89
6.47,3.18
6.64,3.78
8.36,6.33
8.76,4.28
8.96,3.82
8.95,5.98
5.46,4.24
7.47,2.87
5.29,1.5
7.75,4.73
7.21,2.95
9.44,8.68
6.75,4.94
5.59,2.54
5.71,1.5
8.81,9.52
8.09,5.81
5.51,1.5
5.42,3.72
8.5,4.97
5.36,3.67
9.11,5.61
8.53,8.08
5.41,1.58
5.42,3.42
9.93,11.84
6.87,2.36
6.85,6.11
9.06,4.09
9.74,6.97
9.93,6.6
8.77,7.61
6.88,3.59
5.42,1.5
8.89,7.41
7.79,6.72
7.12,5.46
9.53,10.4
5.56,4.52
7.46,4.34
5.06,1.5
7.34,4.96
5.28,1.5
5.59,1.5
5.59,3.14
8.25,5.5
8.73,5.74
7.92,3.74
9.81,6.96
6.87,5.08
6.43,4.5
9.34,7.02
6.12,5.73
9.82,7.9
5.06,1.5
9.85,5.31
5.22,1.5
9.46,7.62
7.64,7.46
9.96,6.73
5.37,1.89
7.77,5.59
9.85,8.0
7.62,1.5
8.15,5.3
8.48,7.58
7.27,3.18
8.14,4.52
7.92,2.47
9.51,4.71
5.23,2.42
6.4,3.34
9.75,10.67
9.45,8.18
7.28,3.22
8.1,4.21
6.39,3.38
5.94,3.3
7.32,4.9
6.77,4.61
7.92,4.74
5.39,1.5
9.87,7.31
9.93,6.94
8.49,3.07
7.68,1.86
6.55,4.04
9.07,5.75
8.42,6.33
5.81,1.5
9.55,9.71
9.11,8.84
9.75,6.69
8.63,4.83
8.07,5.82
7.09,4.88
9.66,7.14
9.33,5.37
5.23,1.5
5.13,1.5
6.88,4.16
9.05,9.5
9.94,7.91
5.75,1.5
7.97,5.11
6.9,5.41
9.85,7.05
9.21,9.05
9.19,6.53
7.34,3.61
7.07,1.58
6.37,3.38
5.28,1.5
9.32,6.13
9.06,6.17
10.0,8.63
9.98,8.98
7.78,3.89
8.84,5.76
9.72,5.3
9.25,10.74
6.24,1.5
7.25,4.5
5.65,1.5
9.77,3.66
8.03,5.68
6.14,2.96
8.36,8.3
8.09,6.86
6.79,3.09
5.57,1.5
8.36,8.88
7.6,5.66
8.86,3.78
7.6,4.59
9.26,7.08
7.76,4.52
7.8,6.27
9.38,9.3
7.02,3.51
5.67,1.5
5.14,3.35
8.78,7.33
8.1,6.53
8.52,2.66
6.06,3.28
5.68,2.53
5.07,1.5
6.75,3.14
7.95,4.97
6.96,3.88
7.19,2.57
9.52,8.6
6.74,5.57
7.57,4.17
8.92,8.99
6.98,2.21
8.11,6.24
9.31,8.39
9.75,9.67
5.74,2.23
9.63,9.89
7.46,1.5
6.29,1.5
7.3,4.67
9.9,6.62
7.46,3.59
6.64,3.2
8.17,4.33
6.2,1.5
5.38,1.5
5.64,3.49
5.64,1.5
5.76,1.5
5.69,1.5
8.2,2.2
5.91,2.25
6.73,4.42
9.48,10.07
7.37,3.34
8.34,3.99
5.86,2.16
5.96,3.08
5.2,1.5
5.84,2.2
6.39,4.22
5.89,1.5
5.44,1.5
5.6,4.04
7.3,3.41
6.03,1.5
6.82,2.99
7.52,3.57
8.45,7.33
5.2,1.5
9.0,7.84
8.14,3.57
5.41,1.5
9.37,7.44
9.6,7.91
5.31,2.2
6.38,2.23
9.03,4.63
8.74,6.13
5.92,4.29
6.05,2.15
6.85,4.32
7.42,4.6
8.09,4.07
6.84,5.18
7.31,6.15
8.74,7.49
5.18,1.5
6.26,3.56
8.57,7.58
9.48,10.62
7.56,5.56
7.66,4.59
5.54,1.5
7.24,5.1
7.66,5.02
6.21,3.89
6.35,5.08
6.89,3.11
5.1,4.08
6.61,1.5
6.06,2.95
6.64,2.58
5.6,1.5
9.45,5.86
7.97,3.83
8.4,6.42
8.95,8.04
7.49,6.48
5.43,1.5
7.69,6.77
7.93,6.0
8.73,8.06
7.16,3.15
5.64,1.5
6.42,1.5
6.82,1.6
8.23,6.19
7.85,7.37
6.78,2.53
9.93,7.62
8.03,3.82
6.19,2.75
5.51,2.57
5.76,1.5
6.23,1.77
5.8,2.83
5.93,1.5
6.43,4.43
5.87,2.92
9.48,7.69
5.4,1.5
7.62,1.5
7.05,3.88
9.91,8.87
5.56,1.88
6.99,5.54
9.85,8.17
9.33,9.5
9.09,7.05
6.29,2.14
5.85,1.54
8.34,6.92
9.65,9.06
7.78,2.32
7.86,4.96
6.4,4.78
8.85,6.94
5.94,3.33
6.62,4.21
7.13,4.7
7.54,4.18
6.21,1.5
5.57,1.88
8.05,3.69
6.44,3.05
7.91,5.45
5.77,4.76
7.41,4.74
7.66,5.08
5.26,2.86
6.68,1.5
5.67,1.85
5.32,4.67
9.95,8.35
6.61,5.0
9.05,8.37
6.27,1.5
8.41,5.43
8.8,6.81
7.98,5.27
7.36,3.91
7.06,2.57
6.74,3.28
9.65,6.15
9.15,8.15
9.83,9.75
5.62,3.45
8.65,6.87
9.69,6.84
5.91,1.5
5.33,1.56
8.71,6.35
7.87,6.31
9.21,7.85
5.7,2.51
8.98,8.14
6.01,1.5
5.82,3.49
5.82,1.5
9.07,6.41
8.33,7.13
7.62,6.71
6.79,3.98
9.39,6.52
6.96,4.56
9.08,7.04
7.2,1.92
6.88,1.5
7.31,3.53
6.51,3.47
8.74,5.69
7.51,5.58
6.16,2.12
9.5,8.58
6.92,3.96
7.72,8.28
9.53,7.52
8.12,7.89
5.58,2.1
9.7,7.81
8.14,4.24
6.67,1.5
5.7,1.5
8.97,5.78
8.1,5.31
7.67,4.44
9.47,7.26
8.94,9.14
5.76,1.5
6.56,6.09
6.24,1.5
8.72,5.41
5.17,1.5
7.85,6.69
8.81,3.33
9.38,4.73
6.71,3.13
9.11,9.51
5.55,1.9
9.23,5.63
5.64,1.5
6.99,5.8
8.99,5.03
5.75,1.5
6.15,4.49
8.61,8.3
8.6,8.78
8.21,3.48
8.47,4.76
7.71,5.02
6.26,3.58
6.73,4.17
5.91,4.52
9.54,3.7
7.92,5.84
7.0,1.5
7.31,5.86
9.74,6.66
5.77,1.5
7.93,3.9
7.53,2.96
8.06,4.61
5.09,1.5
9.36,8.01
9.66,8.42
7.83,7.22
8.48,7.15
9.61,7.21
8.54,7.8
5.76,1.5
7.88,1.96
8.03,6.53
7.12,2.56
8.68,8.92
9.67,9.29
9.63,10.55
7.25,4.67
5.57,2.49
9.92,7.91
9.19,9.08
5.62,1.5
9.6,4.85
9.35,6.69
7.59,2.6
7.96,8.22
7.0,6.77
5.27,1.5
6.68,5.12
9.01,8.18
5.02,1.5
6.67,3.26
6.99,2.31
7.69,6.28
9.6,5.83
6.73,2.56
6.73,2.88
8.69,7.88
7.26,3.85
6.12,1.5
7.26,3.19
5.7,4.76
5.88,1.5
7.49,2.94
7.09,5.48
9.57,7.62
6.81,1.88
7.9,8.76
8.16,4.91
5.07,1.5
8.32,5.9
5.89,4.99
9.81,4.78
5.74,2.0
7.07,7.53
5.43,1.64
9.98,7.65
7.51,4.38
7.98,4.6
5.34,3.26
8.75,5.55
6.05,3.68
9.49,6.21
6.03,1.5
5.95,1.5
5.18,3.26
7.36,3.77
7.82,6.04
5.33,1.71
8.88,9.42
7.27,2.97
7.62,4.98
7.2,2.81
7.0,6.1
7.8,4.68
5.78,1.5
5.91,3.15
9.31,7.41
9.73,7.92
6.87,3.28
6.35,1.5
8.22,8.19
7.04,4.82
5.13,3.14
5.78,1.5
8.58,6.62
8.29,6.08
5.14,2.5
6.11,4.57
6.16,2.65
8.36,2.54
5.1,3.53
5.52,2.43
9.0,5.87
5.89,2.86
8.26,2.37
6.19,3.9
5.5,1.5
6.22,1.82
8.61,7.41
9.28,7.56
9.15,8.07
6.99,4.48
8.34,5.98
6.02,1.92
6.47,2.57
9.48,6.34
5.07,1.5
5.43,1.5
6.04,2.69
5.13,1.5
5.91,2.13
7.92,4.97
7.11,2.79
9.46,6.44
9.09,6.35
6.71,3.21
6.3,3.66
6.9,2.94
7.95,2.61
6.34,1.5
8.12,8.68
7.05,2.73
7.76,4.81
7.18,4.11
6.47,3.03
9.74,8.63
8.82,6.1
5.7,2.0
9.34,7.98
7.44,4.11
9.47,7.3
9.0,7.05
7.13,4.31
5.11,1.5
6.34,4.73
7.71,6.1
8.17,8.05
6.29,1.5
5.7,3.42
9.17,7.55
9.92,5.85
7.63,5.59
5.86,3.56
6.36,1.5
5.09,1.69
9.57,7.99
5.59,1.5
7.88,3.88
6.37,3.39
7.77,4.03
8.26,3.89
9.15,6.27
6.03,3.35
5.05,1.85
5.68,1.5
9.5,9.77
9.37,5.24
7.99,3.87
8.0,4.01
8.33,8.05
5.88,2.82
9.57,6.33
7.09,3.84
6.92,3.57
7.59,4.62
5.23,1.5
5.83,1.52
8.69,6.85
5.41,1.5
8.02,4.07
6.23,3.2
6.95,3.47
6.44,2.9
6.78,1.6
8.6,7.65
6.49,1.82
7.83,5.69
7.38,3.06
8.32,5.53
9.68,9.84
8.66,3.55
6.07,2.5
5.16,2.87
6.31,5.3
7.98,5.94
5.26,1.5
7.48,7.71
7.98,7.07
6.67,2.58
8.85,5.84
5.53,3.21
5.38,1.5
8.64,7.34
7.48,4.46
8.44,5.59
7.17,2.89
6.23,2.03
9.1,9.59
9.0,6.81
8.47,5.61
6.36,3.06
7.95,5.42
6.8,2.41
5.46,1.5
9.59,8.01
5.68,3.18
9.75,5.78
7.23,1.57
5.93,1.5
7.71,1.91
9.36,9.6
8.66,5.8
9.03,6.33
8.29,7.51
8.46,6.36
9.25,8.09
6.25,4.38
7.45,4.39
6.11,4.53
9.94,9.66
9.72,8.34
5.2,1.5
8.53,5.86
9.63,10.83
5.9,1.64
7.84,4.68
9.58,7.79
5.17,1.5
8.49,6.91
6.49,5.27
9.62,10.3
9.86,8.03
9.72,5.59
7.37,3.67
9.31,7.27
9.22,5.24
6.6,6.78
9.14,5.63
5.19,1.5
7.98,3.18
6.15,3.14
5.6,1.5
5.38,4.73
8.48,9.01
6.7,4.92
8.62,3.49
5.33,1.76
6.58,5.28
7.7,5.83
8.95,5.69
6.59,2.69
8.13,5.23
9.43,6.1
8.08,8.12
6.16,1.5
5.12,1.87
9.35,5.06
5.11,1.5
9.37,2.9
7.64,3.2
9.7,10.55
8.99,7.95
9.99,8.05
6.75,4.69
8.84,8.62
7.01,4.58
7.4,6.82
8.14,7.17
9.37,9.07
9.92,5.59
8.84,8.39
7.09,4.7
7.11,3.96
8.69,4.23
6.19,2.27
5.55,1.5
6.77,1.5
6.44,4.45
6.48,1.5
6.17,3.08
5.21,1.51
5.09,1.5
9.94,7.08
7.14,4.42
6.92,4.2
8.4,6.42
6.09,4.63
9.75,9.23
8.93,8.06
5.45,1.5
7.09,4.35
9.4,8.7
9.72,8.23
7.34,4.89
8.07,5.78
5.84,3.06
9.96,9.4
6.16,3.98
9.71,9.41
8.25,4.73
8.04,3.42
7.56,5.17
6.15,6.12
5.88,1.5
6.1,3.28
5.93,1.59
8.9,5.75
6.75,3.02
5.29,1.5
9.85,11.26
9.42,4.82
9.64,6.89
9.97,7.21
5.87,1.5
6.98,6.22
8.79,6.82
8.48,4.03
5.77,1.5
9.08,6.11
6.12,2.08
6.12,2.23
7.68,7.49
7.96,2.46
7.9,5.82
5.46,1.5
9.39,8.84
6.33,3.56
5.65,2.57
9.44,8.66
9.78,5.59
9.31,8.66
9.05,8.39
8.28,5.95
7.75,7.2
5.43,2.21
7.04,5.88
6.86,4.03
6.3,2.75
8.62,6.85
7.48,4.06
5.41,1.5
6.1,5.02
8.42,6.47
5.38,1.5
9.26,7.18
7.48,9.65
7.4,2.98
7.96,4.93
9.12,5.6
6.74,3.61
8.39,5.54
7.83,4.84
6.34,1.5
9.39,8.05
8.99,5.9
8.29,5.8
9.25,9.83
9.34,9.3
8.54,6.22
9.19,8.97
8.49,6.09
8.4,5.41
8.09,4.94
8.76,5.32
5.79,1.5
9.4,7.51
9.36,8.28
5.15,2.09
9.13,4.52
5.64,3.74
6.68,3.07
8.72,5.34
5.8,1.5
9.09,10.7
9.16,5.18
7.54,3.54
5.03,1.5
6.44,2.21
8.08,4.94
9.91,9.04
8.16,8.08
6.3,3.38
8.17,4.81
7.7,4.39
8.9,6.04
5.53,1.92
8.81,8.83
7.71,3.69
9.81,8.55
6.71,6.52
8.16,7.45
9.66,8.86
5.51,4.56
9.69,10.05
8.44,1.96
5.34,2.59
6.5,1.5
8.54,7.08
5.34,1.5
7.91,3.71
6.73,2.41
8.1,4.51
5.23,1.5
9.36,8.15
9.87,8.06
9.84,8.27
8.75,4.9
5.65,1.75
8.79,6.22
5.12,1.5
5.11,1.5
6.62,4.24
7.44,6.8
8.85,7.49
8.42,5.84
7.23,3.88
6.37,2.36
9.99,8.22
7.13,1.5
7.26,2.88
5.82,1.5
8.97,5.71
8.47,7.04
6.1,3.11
5.41,1.71
8.4,4.29
8.27,7.67
6.37,4.65
9.75,4.62
5.76,2.31
7.16,3.52
9.72,9.34
7.1,5.35
8.19,8.56
6.99,5.16
6.37,3.74
9.92,6.86
7.05,4.01
9.47,10.38
6.15,2.52
6.07,1.5
5.16,1.5
8.26,5.7
6.84,3.9
9.32,6.35
7.37,6.49
9.84,7.26
5.93,1.75
9.34,6.45
8.88,7.03
8.85,6.02
9.22,8.6
8.81,3.94
8.13,6.77
5.66,1.98
5.16,1.5
9.6,8.53
8.08,6.2
8.98,7.58
7.41,5.82
5.59,1.5
5.63,2.42
8.43,5.11
7.15,4.5
6.0,1.5
7.46,4.93
5.32,1.55
7.91,5.25
6.34,2.48
8.99,3.8
6.55,3.26
7.28,4.16
5.06,1.5
5.36,1.5
6.96,2.15
7.4,4.77
8.0,5.75
6.46,2.92
8.47,4.7
9.3,6.01
8.9,6.09
5.2,1.5
7.4,4.43
5.52,1.5
6.21,2.59
9.93,9.1
5.71,1.5
7.49,3.15
8.09,8.51
8.51,4.61
7.8,6.81
5.05,3.57
6.63,4.87
7.59,3.63
5.44,1.56
6.75,1.91
5.17,2.3
5.39,2.3
6.98,3.08
5.66,1.5
7.84,3.14
8.45,7.95
9.0,5.69
6.0,2.13
5.84,1.5
5.52,1.5
8.18,7.33
8.53,5.42
5.16,2.32
9.68,6.25
5.26,1.5
7.71,5.15
8.55,6.01
9.35,7.17
8.57,6.77
9.01,6.72
6.7,5.24
9.07,5.51
5.4,1.5
9.47,9.5
7.74,3.81
9.09,9.07
7.26,4.79
8.22,3.44
7.63,6.58
8.66,1.99
5.41,1.5
5.3,2.21
6.24,3.51
5.8,1.5
9.36,6.73
6.1,1.5
9.88,10.57
6.68,3.4
5.91,2.0
8.95,5.68
8.29,7.19
7.49,3.59
7.78,2.77
8.6,8.56
6.14,4.64
9.98,7.05
9.87,6.46
8.25,5.42
6.0,3.7
8.4,1.86
5.36,1.5
5.15,1.5
6.29,2.15
7.31,2.95
9.34,7.04
8.64,6.23
8.71,4.84
7.13,5.59
6.73,4.62
6.86,3.86
9.94,6.84
5.2,1.5
9.34,6.77
7.89,4.83
7.19,1.5
8.63,7.03
7.43,5.38
9.37,6.33
9.5,6.11
7.11,1.5
6.38,2.44
7.96,8.06
9.56,8.43
6.05,1.8
8.11,6.0
8.16,5.74
8.67,6.6
5.66,1.56
8.58,6.56
9.55,11.55
5.9,3.48
6.19,6.47
9.86,8.45
5.9,4.4
9.27,6.82
7.46,4.85
6.24,4.14
9.35,6.36
7.23,4.63
7.57,5.91
6.8,2.01
7.96,7.07
5.82,1.5
6.96,6.98
9.85,9.86
6.29,2.75
8.28,4.57
6.63,2.41
8.87,5.16
5.65,1.87
9.85,11.48
7.27,6.95
6.18,2.33
5.37,1.5
5.85,1.5
7.6,4.58
6.69,2.12
9.14,4.51
7.15,7.54
6.24,3.26
8.09,3.75
8.53,7.38
5.84,1.5
5.84,1.5
5.18,1.5
8.68,8.55
8.32,6.13
7.37,1.5
9.22,8.02
9.03,6.56
7.93,2.38
9.34,6.49
6.03,2.73
5.56,2.14
6.35,5.0
5.29,1.5
7.66,4.65
9.68,6.12
5.2,1.5
5.61,2.91
7.26,5.26
9.67,8.27
6.58,4.01
7.54,3.09
5.21,1.5
5.74,1.94
9.93,10.97
9.83,9.98
5.02,1.85
9.76,8.48
8.2,4.86
9.34,7.21
7.27,2.11
7.58,4.89
7.44,3.25
8.33,5.48
5.7,4.48
5.15,2.21
6.54,1.67
8.52,6.96
6.01,1.5
8.37,6.37
9.85,8.93
5.47,2.46
8.36,8.88
7.22,5.78
9.34,7.52
5.89,3.38
8.46,6.58
9.19,5.1
9.72,8.28
8.42,8.24
7.49,3.54
8.09,6.06
9.34,7.74
7.85,6.09
5.15,1.5
9.65,6.86
8.45,5.49
8.38,7.04
6.08,4.3
8.29,8.5
6.97,1.64
8.26,3.52
5.53,3.29
8.29,4.43
10.0,6.54
5.24,1.7
9.89,6.08
7.03,6.76
9.35,6.88
8.91,7.8
7.84,3.57
8.69,7.96
9.39,9.34
7.02,3.07
6.64,2.28
8.34,4.92
9.04,5.64
8.81,8.59
8.99,3.52
7.18,4.34
9.09,8.09
5.6,2.09
7.72,3.87
5.03,1.81
6.62,1.5
6.83,3.33
6.98,4.46
8.48,6.43
6.94,3.03
7.24,5.88
6.19,3.11
6.87,4.38
6.14,4.67
5.37,3.13
8.02,7.06
8.34,6.16
8.1,5.63
7.32,4.38
6.9,1.5
9.32,9.13
7.6,4.68
7.4,5.89
5.13,1.5
6.71,1.96
6.9,4.65
6.99,2.27
7.9,8.07
7.67,3.76
8.04,5.34
8.82,6.89
9.06,6.47
8.59,4.26
9.78,10.28
5.09,1.5
5.98,1.5
5.04,1.5
8.24,4.83
9.49,4.46
6.22,5.38
9.64,11.03
5.3,1.97
9.67,5.92
6.76,2.71
5.51,2.39
7.43,7.16
6.28,2.09
6.42,1.5
6.54,5.8
9.02,4.25
7.7,3.65
6.56,3.3
8.05,2.1
8.58,8.77
6.36,3.66
7.07,2.83
5.61,3.82
5.91,4.63
8.41,5.71
5.91,1.52
7.63,8.48
8.55,7.97
5.53,1.7
7.84,7.68
6.28,3.1
9.81,7.05
7.42,4.37
9.03,8.38
7.75,2.75
5.22,1.5
8.17,8.58
9.76,6.11
8.01,8.06
9.1,9.88
9.42,7.81
6.14,1.71
6.06,1.97
8.05,10.09
7.06,7.15
9.2,6.17
9.5,7.63
6.77,3.46
6.18,2.64
8.9,5.71
6.37,2.85
9.11,9.75
7.12,1.5
8.34,5.86
5.48,3.53
8.12,3.72
7.26,7.1
7.93,3.65
5.84,2.63
8.68,4.77
9.31,6.14
6.08,1.71
5.48,2.31
5.12,2.26
8.21,6.4
8.04,3.65
7.73,6.05
6.16,2.73
6.95,2.98
7.97,8.83
7.48,2.51
9.94,5.29
5.68,1.5
8.48,6.83
7.02,1.51
7.14,2.94
8.59,8.0
8.46,6.57
9.96,10.07
5.64,2.77
5.52,1.5
8.62,6.53
7.89,6.9
6.37,1.5
5.4,1.5
5.43,1.5
9.47,9.32
5.96,2.47
6.62,4.89
6.13,1.5
6.77,4.29
5.35,2.19
7.6,3.16
5.34,2.48
9.0,5.68
6.17,6.64
7.7,1.5
9.4,10.59
8.25,4.45
7.66,1.76
6.62,2.99
6.67,3.05
8.35,7.99
9.97,10.2
8.31,6.79
7.79,4.31
8.65,7.02
7.33,4.92
5.3,1.5
7.81,3.78
9.79,5.44
5.88,1.81
8.45,3.81
6.0,1.5
7.68,5.46
5.48,2.32
7.25,3.71
8.78,9.57
6.74,3.52
8.32,5.77
8.98,8.74
9.64,6.96
6.17,2.51
7.0,1.5
5.76,2.01
9.96,5.39
9.64,5.57
7.7,3.73
9.21,6.41
7.6,3.71
8.12,5.19
5.45,2.29
8.78,5.73
5.64,1.5
9.13,6.8
8.91,5.81
8.54,6.33
5.18,1.5
6.52,3.41
6.32,3.41
6.8,1.5
5.44,1.5
9.68,10.37
7.77,7.91
6.53,4.93
6.98,4.33
7.24,6.26
8.0,8.88
7.58,5.35
9.6,6.59
7.48,4.59
9.96,13.76
9.26,4.37
6.04,1.67
9.65,6.64
5.58,1.93
9.09,3.76
6.9,3.2
9.39,3.37
9.34,7.41
9.03,9.73
8.95,4.86
6.52,2.49
5.4,1.5
7.01,4.21
5.87,2.03
8.47,6.44
6.73,4.75
9.88,6.0
8.2,5.09
9.11,7.63
5.66,1.5
9.31,4.15
9.61,6.65
7.44,5.56
8.03,3.85
8.82,6.01
5.87,1.5
7.51,3.34
6.99,5.18
5.73,1.5
6.84,2.78
5.34,1.5
5.13,1.5
5.68,3.38
9.82,8.48
7.75,4.36
9.83,4.56
7.16,2.87
6.56,3.74
7.53,8.15
7.2,1.5
5.53,1.5
8.2,7.17
6.08,1.92
8.1,6.4
8.25,4.55
5.76,2.39
5.31,1.5
8.9,8.93
7.3,3.03
5.29,1.5
9.97,9.3
5.29,1.5
8.48,6.54
9.92,4.59
6.2,1.5
5.71,2.11
5.61,1.5
6.52,2.21
5.51,2.3
8.46,5.24
5.31,2.41
7.55,4.34
9.98,9.68
9.07,7.69
8.08,5.0
6.53,5.61
8.12,6.16
7.64,3.56
7.13,5.85
5.65,2.09
9.43,7.42
7.25,4.75
5.97,4.0
6.84,4.49
7.07,6.27
9.14,8.1
8.67,6.88
8.85,4.48
5.06,1.5
7.08,4.46
7.41,4.82
5.1,1.68
6.3,2.46
8.8,5.97
5.69,2.59
7.68,3.55
6.08,5.25
5.06,1.5
6.21,4.46
9.88,7.68
9.01,8.29
9.8,9.48
7.44,5.53
5.55,2.66
7.74,6.09
7.27,3.98
9.22,7.53
5.49,1.5
7.44,3.96
5.75,3.08
6.62,4.84
8.69,6.37
7.38,2.96
6.88,4.22
6.97,1.99
7.3,6.0
8.93,5.48
9.46,4.36
9.78,5.24
8.93,8.0
6.58,3.09
8.44,7.98
7.19,2.55
6.27,3.09
9.2,5.96
5.19,1.5
9.51,10.23
7.31,2.87
8.19,6.92
8.3,6.67
9.48,8.54
8.18,7.12
8.07,3.78
5.33,3.69
7.59,7.78
5.75,2.18
8.69,8.68
7.56,4.89
8.4,5.71
5.21,3.2
5.42,1.5
8.58,3.37
5.36,1.5
5.36,4.19
5.06,1.5
9.78,6.62
8.69,4.27
6.77,4.66
6.48,2.38
6.75,3.31
8.87,5.99
8.31,4.64
5.93,1.5
5.87,3.77
5.49,1.89
8.3,6.96
8.82,7.95
6.33,1.83
5.1,3.77
5.41,1.5
9.84,8.38
6.48,3.23
8.85,7.31
8.12,7.64
6.91,3.29
6.03,3.12
5.61,2.26
8.08,1.83
8.87,4.93
8.22,5.38
7.65,3.49
5.21,1.5
9.84,10.53
8.99,5.83
6.46,2.08
9.9,6.07
8.01,5.83
7.91,1.73
8.74,7.18
9.06,7.03
8.28,5.13
5.64,1.5
6.69,3.99
9.64,4.89
6.12,1.5
6.86,3.93
7.16,7.16
7.2,4.75
8.06,4.48
9.72,9.62
6.2,3.51
5.61,2.86
5.99,6.63
9.43,5.77
8.23,7.03
6.43,4.97
9.08,10.17
9.31,5.39
9.23,7.82
9.59,10.06
6.26,6.57
8.78,7.56
7.3,3.41
9.21,6.38
8.64,10.18
8.88,8.74
8.28,3.3
5.89,2.04
7.73,6.16
9.92,9.89
9.69,5.28
5.22,1.5
5.82,1.5
5.66,3.39
8.63,6.0
9.09,8.93
6.07,4.39
7.53,4.57
9.2,7.23
8.66,7.34
7.71,5.75
7.95,7.67
7.54,4.89
6.49,2.33
7.83,7.28
8.44,7.73
9.37,4.47
8.18,7.09
8.81,5.72
5.8,2.55
7.31,5.07
5.05,1.5
6.23,3.82
8.63,5.78
9.96,5.64
5.5,1.5
7.01,3.95
9.0,4.32
6.02,4.69
7.78,6.38
8.67,7.74
8.08,4.63
5.94,2.89
6.78,1.89
8.92,7.12
7.77,4.62
5.03,1.8
8.8,9.45
5.18,1.5
8.73,6.67
6.01,2.99
9.79,7.42
6.84,3.2
6.63,3.84
5.74,1.5
6.53,5.53
9.38,5.36
9.98,8.93
6.84,5.09
7.24,3.94
8.61,5.98
9.43,5.38
7.97,5.05
6.96,4.88
7.06,4.28
8.48,8.49
5.02,1.5
8.1,5.59
6.78,3.0
8.97,4.71
5.46,1.5
7.94,3.14
7.4,1.5
8.21,5.22
5.32,1.5
7.9,7.39
7.81,6.5
7.8,5.94
8.02,5.65
8.38,6.06
9.02,4.08
6.35,3.32
9.13,7.61
7.49,5.94
5.39,2.36
5.29,2.85
6.67,1.5
8.92,5.45
8.54,7.58
8.94,9.53
7.59,5.02
7.2,3.66
5.74,2.72
6.64,1.58
7.17,6.77
5.44,1.5
6.1,1.5
7.99,4.31
8.68,9.31
9.99,10.21
9.67,9.96
8.21,6.02
7.11,4.4
8.18,3.23
8.93,4.36
5.59,2.24
7.05,6.32
9.2,7.03
6.92,4.12
7.86,7.51
7.94,5.56
5.92,2.27
6.81,1.68
6.67,5.97
5.13,1.83
5.12,1.5
9.16,4.73
6.37,4.56
7.59,3.31
6.49,5.36
9.7,4.79
6.3,4.78
7.15,5.37
9.36,7.37
9.21,6.17
5.93,4.67
9.01,6.48
7.29,2.88
7.41,1.5
5.67,1.94
5.4,1.5
8.64,3.37
7.48,3.81
7.18,3.6
8.65,7.35
8.83,6.55
5.79,3.91
8.05,7.67
5.68,1.5
8.76,8.16
8.28,4.64
9.78,7.11
5.34,1.76
5.29,4.18
6.41,2.7
6.31,1.5
6.23,2.2
9.53,4.95
6.25,4.21
6.36,3.61
8.8,7.3
7.25,3.51
8.88,7.22
5.33,1.5
7.44,4.1
5.17,1.5
5.31,2.84
9.53,8.13
5.7,2.3
7.66,4.62
7.06,4.51
6.74,1.5
9.5,6.0
5.11,1.5
8.32,5.34
9.82,6.57
7.8,4.57
9.68,12.06
5.26,1.5
7.09,2.66
6.3,5.07
8.65,6.78
9.91,7.27
6.28,4.37
8.27,5.31
5.99,1.71
7.83,4.96
7.32,3.68
9.86,6.65
8.04,5.94
6.75,1.92
5.57,1.5
5.76,2.69
6.13,3.78
6.25,4.01
9.25,6.87
7.81,5.43
7.62,6.06
5.57,2.07
9.3,7.13
8.61,3.63
5.34,1.96
8.54,4.67
7.72,5.02
5.41,1.5
7.29,1.81
7.42,2.77
5.83,3.76
9.73,9.68
9.25,7.01
8.35,6.89
7.31,6.07
7.06,3.5
8.25,2.7
7.73,4.66
5.31,1.5
7.56,3.28
9.03,7.56
7.3,4.87
5.26,2.0
8.93,6.87
6.01,3.21
6.29,2.93
5.82,2.57
6.65,2.4
8.78,5.45
7.6,6.5
6.02,1.5
9.39,9.99
9.4,6.14
9.35,7.24
6.19,2.61
7.26,1.98
9.92,5.36
8.86,5.96
5.14,1.5
5.33,1.5
7.32,5.87
9.55,9.39
7.69,1.5
7.49,4.92
5.53,2.91
8.28,6.63
9.11,6.24
6.9,3.3
8.88,4.85
9.82,6.53
6.02,1.5
7.62,5.16
6.44,1.5
8.96,5.55
7.89,2.56
8.17,6.64
8.99,6.37
6.98,4.39
9.58,8.96
7.67,6.69
5.79,1.5
8.48,5.43
8.97,5.72
6.58,4.24
9.29,5.45
9.53,5.46
6.38,2.93
9.92,7.24
5.7,2.09
6.01,3.13
5.92,2.44
9.47,8.7
8.27,6.86
5.76,2.57
7.2,1.5
8.08,8.34
5.42,1.5
9.41,6.51
9.02,6.03
7.53,5.47
9.84,3.82
7.09,4.58
9.92,8.76
8.34,8.23
8.17,3.95
5.83,1.93
9.41,6.94
7.14,3.31
5.81,1.5
5.06,1.5
7.8,5.15
7.64,4.18
8.6,5.94
9.45,7.29
5.4,2.55
8.66,7.83
5.94,1.5
9.29,6.92
9.1,6.83
7.7,5.65
8.55,5.48
6.57,4.07
7.36,7.21
9.11,7.6
7.3,3.53
6.79,4.04
7.47,1.5
9.14,6.31
6.68,4.65
5.87,1.5
8.56,3.37
9.13,7.15
5.5,1.5
6.2,1.5
5.71,4.61
6.74,2.07
7.25,2.22
8.74,5.34
8.26,6.72
8.1,5.7
6.76,4.18
9.21,5.0
7.36,6.25
9.9,9.31
8.17,7.87
5.63,2.41
8.38,7.18
6.63,1.71
8.43,4.84
5.35,3.49
5.87,4.02
9.28,6.85
6.14,3.0
9.19,6.9
6.4,1.5
8.21,6.23
8.47,7.63
7.56,4.54
6.53,2.3
6.06,3.48
5.17,1.5
6.52,3.54
8.27,6.78
9.69,5.34
9.36,9.08
8.83,4.48
8.94,8.53
8.32,4.62
6.3,1.5
9.54,7.8
8.35,7.34
7.8,3.63
5.55,1.5
7.24,3.75
7.3,2.91
9.32,4.66
7.73,4.62
6.9,2.41
9.88,8.11
5.55,3.99
7.11,3.11
5.21,1.5
8.7,8.24
9.59,4.37
6.4,5.09
9.29,9.03
6.46,4.05
9.55,8.7
8.77,7.13
9.02,5.93
5.09,2.7
9.81,11.2
8.63,8.19
6.52,3.03
9.15,5.88
6.41,3.36
9.36,7.54
5.56,3.02
8.52,4.36
7.7,4.45
5.48,1.5
6.21,4.03
5.06,1.5
7.34,5.41
6.51,1.5
7.99,5.91
6.49,3.53
6.5,1.55
8.72,7.66
5.24,1.5
9.51,7.47
9.26,5.91
8.34,3.12
7.97,4.71
9.46,7.6
5.93,4.54
5.39,2.6
6.2,5.49
8.97,8.12
5.17,1.5
7.91,5.56
9.98,9.01
9.28,4.99
7.61,1.5
5.32,1.5
9.16,3.96
7.99,4.58
5.57,5.08
5.47,1.5
9.55,8.71
8.35,7.77
9.15,7.49
9.39,8.65
7.86,4.69
7.59,3.94
7.15,2.63
6.58,4.43
7.17,1.91
8.87,9.27
8.01,2.97
9.46,9.67
7.22,2.9
8.04,4.05
8.16,6.08
7.96,5.63
8.51,5.03
6.19,3.73
7.56,1.5
5.52,1.5
6.92,4.96
7.44,4.83
8.26,3.31
9.75,6.29
8.0,3.64
8.72,6.69
7.53,4.17
8.17,6.15
5.35,1.5
6.27,4.68
6.81,4.78
7.36,4.49
5.23,2.81
5.7,1.5
6.38,1.5
9.86,10.7
6.66,3.17
7.41,3.84
5.98,1.5
8.05,4.25
6.4,4.02
6.03,4.22
7.58,5.74
5.03,1.91
5.04,1.79
6.1,2.59
5.18,1.5
5.54,3.12
6.69,2.57
9.01,8.52
7.86,4.01
7.56,3.32
6.47,2.75
9.66,7.8
6.99,4.59
5.44,1.5
8.09,6.52
5.57,1.59
6.73,1.5
7.54,4.11
9.37,8.21
7.47,4.83
8.51,5.26
9.96,9.81
5.66,1.5
6.37,2.74
6.97,3.62
7.11,4.54
7.06,3.55
9.54,6.62
8.57,6.25
8.04,4.05
6.55,5.32
9.12,6.96
9.78,7.14
9.11,6.8
5.01,1.5
8.18,5.07
5.26,1.5
6.29,4.82
5.3,1.5
8.02,7.52
8.43,8.85
5.57,1.5
6.92,1.72
7.28,3.24
6.85,1.89
5.61,2.04
7.09,3.03
8.76,7.34
5.36,3.29
5.4,2.49
6.77,4.36
9.71,4.76
8.34,7.14
8.39,7.62
6.81,1.5
7.97,5.33
5.05,1.5
8.18,4.59
9.57,9.89
8.06,7.38
9.37,7.96
8.62,5.71
5.6,1.5
9.51,8.67
5.33,2.69
7.67,3.5
5.71,1.5
5.06,5.17
7.11,5.28
6.48,4.85
7.43,1.5
7.89,4.25
5.22,1.5
5.62,1.5
7.79,7.05
6.72,5.15
8.65,6.27
8.26,7.3
9.23,6.8
8.46,9.52
7.15,3.85
8.36,7.61
6.38,5.2
6.53,4.43
8.94,8.0
7.23,3.93
8.99,8.59
9.11,5.17
9.29,7.63
9.58,5.96
7.15,1.5
6.59,3.16
7.91,6.41
6.86,5.29
8.01,5.04
8.53,9.77
8.44,4.49
6.87,1.5
5.83,1.5
7.15,2.46
5.71,3.31
9.45,7.45
6.73,3.85
5.77,4.45
5.13,1.5
8.23,6.39
8.18,5.73
6.7,2.33
5.36,3.34
7.05,3.26
6.56,2.23
8.39,10.17
8.03,5.17
6.82,4.23
6.09,4.15
9.94,8.72
7.27,6.83
8.44,5.52
5.7,1.5
7.43,3.48
5.14,1.5
7.53,5.13
9.82,7.11
6.92,2.33
5.19,2.08
5.15,1.5
6.94,2.97
5.8,2.4
5.12,1.6
8.78,6.11
7.29,3.58
6.45,4.41
9.5,8.16
5.58,1.5
9.78,6.01
6.57,4.29
9.44,7.86
8.01,6.6
9.13,7.26
9.92,8.67
6.44,1.5
9.81,7.28
6.95,4.81
6.93,3.23
6.7,5.29
7.71,1.5
5.77,3.39
7.77,6.74
7.71,5.72
8.81,2.53
9.17,8.18
7.2,1.9
6.51,1.66
6.3,2.45
5.97,3.26
5.29,2.24
6.71,4.4
6.35,4.42
9.83,9.28
7.79,4.6
6.74,2.15
7.9,3.57
5.7,2.89
7.22,4.89
8.13,6.46
7.44,3.51
7.01,4.81
9.97,5.39
9.4,9.74
8.12,6.1
7.85,8.11
8.1,2.68
6.01,4.68
6.98,2.76
5.2,1.5
7.38,4.7
7.72,3.99
6.14,2.55
9.82,7.45
9.55,5.89
8.61,6.48
7.67,3.75
9.35,5.68
5.65,1.5
8.95,5.58
5.62,3.49
8.97,4.33
6.38,2.09
9.39,8.66
9.72,6.4
5.74,4.88
7.31,4.37
9.9,7.67
7.42,5.61
9.32,7.36
7.94,4.94
6.88,3.75
6.43,6.28
6.02,1.86
8.81,5.38
6.93,2.14
7.56,1.5
7.46,6.55
7.89,1.88
9.33,7.36
9.9,8.65
7.04,7.69
9.14,5.07
8.82,3.88
7.87,4.22
9.78,8.11
6.0,1.5
5.55,1.76
9.27,5.74
7.2,5.33
9.23,2.77
9.47,8.5
5.31,1.5
9.42,10.35
7.24,6.18
7.55,4.11
8.13,8.17
9.63,7.01
5.1,1.5
7.38,7.78
8.44,6.51
8.61,6.43
8.46,5.91
5.67,2.41
6.5,3.07
6.79,1.5
9.02,5.06
6.39,3.87
6.05,1.69
9.79,7.71
5.04,1.5
9.99,5.89
8.38,3.12
9.14,7.15
6.47,1.64
5.07,1.5
8.69,4.33
9.17,6.31
8.7,8.29
5.71,2.2
8.77,4.72
8.84,5.47
8.29,6.8
8.83,6.74
9.23,9.25
8.07,3.62
5.44,2.81
7.44,7.18
5.39,1.5
7.04,2.31
7.04,4.29
5.33,2.74
6.74,3.2
5.55,1.5
9.04,6.07
9.74,9.27
5.36,1.5
9.78,8.93
7.61,6.75
6.5,3.53
5.38,1.5
7.5,5.9
8.97,6.17
8.54,4.02
5.25,1.5
5.36,1.5
7.01,2.39
6.48,6.05
6.16,5.97
6.41,1.83
9.02,7.14
9.65,6.3
7.03,6.17
9.53,10.44
6.61,1.5
7.38,4.38
6.13,1.5
8.2,7.84
9.89,7.24
8.02,4.13
6.79,2.92
8.24,4.28
5.61,2.65
9.44,10.2
7.52,3.27
7.25,7.42
7.93,6.97
8.12,3.6
5.36,1.5
8.41,9.05
6.21,4.87
8.57,6.13
9.11,9.19
9.02,11.65
7.76,4.83
7.6,3.56
5.71,1.77
8.88,5.71
6.36,2.22
7.48,5.02
6.42,1.5
5.67,1.5
8.15,6.12
5.27,1.5
8.74,7.64
6.59,1.5
5.0,1.5
7.56,3.75
5.23,1.57
6.38,5.25
8.53,7.02
5.31,1.5
9.2,7.27
5.02,1.5
6.23,2.56
8.7,3.94
6.58,3.75
5.51,1.5
6.8,1.67
6.35,2.62
9.21,6.33
6.57,5.03
8.94,4.88
9.46,8.4
7.17,3.57
9.55,7.98
6.89,4.44
9.82,7.91
5.45,1.5
8.44,8.22
7.47,2.29
6.94,1.5
8.16,3.55
8.52,4.84
5.02,1.66
5.83,1.5
8.57,8.62
8.33,5.29
9.83,6.35
8.81,7.42
9.75,9.24
8.51,7.51
6.49,4.52
5.53,1.5
8.91,6.69
8.22,5.29
5.24,3.62
6.8,4.29
9.78,11.13
7.5,3.27
7.16,3.21
7.29,4.67
6.04,4.28
6.84,2.51
6.85,3.41
5.26,1.5
8.84,6.02
7.08,2.48
9.11,7.36
9.25,5.45
6.06,2.37
8.29,7.77
7.36,6.53
9.4,6.39
6.08,1.94
8.39,4.96
8.04,5.48
6.48,1.98
5.68,2.37
8.26,7.88
8.69,2.05
6.58,3.36
8.22,3.93
6.98,3.81
8.57,4.96
6.0,3.64
9.45,8.31
6.44,4.06
6.84,4.41
5.29,1.5
5.56,1.5
7.58,5.28
6.34,1.86
9.18,9.88
5.07,1.5
6.9,3.94
6.69,6.46
5.1,1.5
5.62,1.88
7.07,4.93
7.46,6.19
7.02,3.18
7.65,4.12
7.98,5.36
5.05,3.0
7.32,4.34
9.82,8.81
7.6,4.22
8.39,6.08
6.56,3.74
8.87,6.19
8.86,4.14
7.61,1.65
9.88,6.04
5.63,3.06
5.08,2.93
8.85,6.62
9.04,8.67
5.6,1.5
6.33,4.23
5.09,1.5
6.47,5.46
8.87,5.51
7.59,6.03
6.74,4.89
6.86,4.71
5.01,1.5
6.5,3.93
8.23,4.45
9.87,8.17
9.24,5.49
5.12,1.5
9.49,7.72
8.92,3.57
8.9,5.46
7.29,5.6
6.99,5.34
6.51,3.81
5.33,3.13
6.14,2.65
6.23,2.59
7.42,2.66
8.74,3.3
7.37,6.79
5.29,2.94
9.79,4.81
9.71,7.29
8.93,6.41
9.96,6.9
7.72,4.39
9.81,9.89
5.38,2.68
6.83,4.33
6.13,2.35
5.98,1.97
5.7,2.98
8.11,6.97
8.91,6.06
7.89,4.2
5.73,2.55
9.06,5.25
8.18,6.47
6.94,1.5
8.37,4.35
6.3,3.26
6.73,1.5
9.59,5.75
6.45,3.41
7.35,1.51
9.45,6.59
8.54,6.5
5.31,1.5
5.74,3.53
5.04,1.5
8.15,5.16
7.24,4.9
5.67,1.5
9.79,9.63
7.65,5.73
6.21,1.5
7.5,4.08
8.4,6.1
5.38,1.5
6.37,1.5
9.03,6.34
7.3,7.31
7.73,4.2
7.16,6.22
5.22,1.5
5.83,2.66
7.23,5.68
6.05,2.3
5.25,1.5
9.22,9.29
9.91,9.77
8.97,6.49
9.27,6.5
6.21,2.59
9.8,10.25
5.98,2.85
9.76,6.86
9.97,6.03
8.56,2.85
9.91,7.6
7.85,6.59
6.3,2.6
7.18,3.86
7.97,4.39
5.37,1.67
8.11,6.1
9.91,7.88
5.95,4.65
8.96,5.59
9.54,6.65
9.72,9.72
9.8,6.41
7.61,4.97
9.89,6.99
8.79,7.79
5.81,1.57
7.38,5.09
8.59,7.38
6.24,1.5
8.2,5.46
8.33,7.28
5.81,1.5
7.83,7.19
8.86,4.38
7.49,3.24
5.06,1.5
5.05,4.11
6.79,1.5
9.63,6.4
6.14,3.22
8.17,4.77
6.11,3.1
6.61,2.64
9.24,5.34
8.64,6.64
5.48,1.5
7.14,3.7
5.15,1.5
7.4,3.39
8.31,5.45
5.59,1.5
6.44,2.47
6.99,6.91
9.6,6.5
9.97,11.51
5.22,1.5
8.81,4.76
6.86,1.5
6.96,4.42
8.77,8.77
9.59,6.91
9.75,6.65
7.89,6.5
6.79,3.64
8.94,5.48
6.26,3.19
7.82,6.42
6.79,3.4
8.28,1.5
6.2,3.04
5.96,2.22
9.59,4.98
5.51,1.5
7.53,5.48
6.1,1.59
5.19,1.5
5.18,1.5
5.88,1.5
9.33,6.91
6.41,3.09
9.75,6.14
7.91,4.15
7.18,4.72
7.9,5.73
7.58,4.2
8.79,8.51
6.41,4.06
6.77,4.91
9.47,7.84
9.73,9.37
9.46,6.41
7.1,4.4
8.9,7.64
7.38,4.54
7.49,4.95
6.02,2.4
7.96,9.69
5.93,1.5
6.66,2.56
9.28,9.08
6.04,1.5
5.36,1.5
5.35,1.5
9.7,7.24
7.53,5.01
7.05,3.06
9.05,9.14
9.18,5.03
6.66,2.39
8.47,5.74
8.86,3.91
8.27,4.11
5.76,1.5
9.38,7.21
7.7,6.71
6.41,2.47
7.13,5.66
5.19,1.79
5.64,3.8
8.83,5.38
5.0,1.5
7.08,4.51
7.61,3.82
5.27,1.5
9.87,7.84
6.13,2.24
6.52,3.59
6.52,4.56
6.15,1.98
5.01,1.5
8.65,7.48
9.83,8.17
6.12,2.49
8.32,5.61
8.71,5.47
9.24,7.19
7.11,2.04
6.51,1.7
6.63,4.83
8.56,3.77
9.08,6.19
5.91,4.01
6.85,2.9
9.51,8.33
9.03,5.75
9.92,6.62
8.77,4.35
6.97,6.12
7.95,3.37
8.31,7.56
5.39,1.5
7.72,6.49
8.55,9.77
5.84,1.5
8.9,5.13
7.92,5.38
9.76,7.62
5.21,2.14
6.33,1.65
8.01,8.61
6.48,2.57
8.57,4.9
8.8,5.46
5.51,1.5
7.57,7.04
7.54,3.05
6.85,4.81
9.66,5.75
9.14,5.88
8.49,3.96
8.57,7.29
7.31,5.81
9.6,6.03
8.47,4.13
8.64,8.59
9.31,5.88
6.37,4.46
9.04,6.81
5.98,1.5
6.73,3.09
6.68,2.14
9.89,6.05
9.28,6.44
8.51,1.74
8.64,8.49
7.81,5.49
9.74,6.31
7.48,2.47
6.9,5.09
5.82,3.22
8.93,9.56
8.67,4.79
6.92,4.78
5.13,1.66
9.19,6.85
5.06,2.37
8.52,4.15
9.85,8.59
7.19,2.61
6.17,2.44
8.52,6.1
9.09,5.56
7.73,6.21
9.84,7.61
5.26,1.5
7.52,5.5
8.59,6.54
9.31,6.35
5.9,1.5
9.0,5.23
7.76,5.47
6.98,2.26
5.66,1.5
9.33,9.97
5.79,1.5
6.55,3.93
6.45,2.83
9.36,5.95
8.36,6.11
8.98,4.55
6.25,1.5
8.12,5.87
7.86,3.05
9.16,8.97
9.53,8.66
5.06,1.5
8.37,4.66
5.26,1.5
7.74,6.5
6.44,2.52
6.53,2.92
6.76,5.07
8.11,7.17
6.67,5.93
8.66,8.99
7.02,2.51
5.34,2.7
8.92,10.18
6.43,5.29
7.16,6.06
8.43,8.42
6.66,3.01
5.28,1.5
6.87,2.32
9.72,3.89
8.21,6.91
8.36,4.64
8.16,6.89
5.99,1.5
7.09,5.29
8.75,5.43
5.51,1.5
6.39,4.76
6.38,4.68
7.16,4.37
9.9,7.97
5.34,1.99
7.59,5.53
5.9,1.5
9.85,7.86
5.57,4.84
7.02,8.3
8.69,8.44
8.52,7.1
7.11,2.9
6.73,2.23
6.99,3.36
6.32,1.92
6.03,5.91
7.42,6.93
6.34,4.43
6.44,1.56
8.28,5.97
9.84,7.93
8.02,1.57
5.38,1.5
5.38,1.5
9.76,5.97
6.49,2.96
5.46,1.5
8.0,4.56
8.12,6.34
8.24,2.49
6.34,5.15
5.08,1.5
9.83,6.76
6.25,2.57
8.38,6.06
8.53,8.0
8.05,6.5
6.56,3.55
6.36,3.25
7.99,6.53
9.33,8.07
9.73,5.94
5.53,1.5
5.77,3.91
9.72,15.14
8.68,3.89
9.41,7.03
6.01,1.5
7.94,8.65
8.51,3.33
8.4,5.63
7.04,1.5
5.08,1.5
7.91,5.46
6.27,4.15
7.25,2.0
9.79,8.47
7.0,3.28
9.2,6.35
5.94,3.95
8.36,5.02
9.89,8.21
5.51,1.5
5.04,2.4
7.17,4.45
5.46,1.5
8.74,4.97
9.57,7.93
7.17,6.34
6.29,2.11
7.17,2.52
8.62,6.94
5.05,1.5
7.95,4.19
8.07,3.06
8.19,4.3
6.21,1.5
8.57,2.2
5.46,1.5
6.0,3.29
9.39,5.49
8.69,5.35
5.07,3.79
6.24,3.02
6.07,2.59
6.35,1.53
6.24,5.38
5.31,1.5
7.29,3.93
8.66,7.23
8.03,4.01
8.36,5.1
5.41,1.5
9.76,8.12
9.19,6.75
9.03,8.08
9.11,5.07
9.66,6.94
7.72,3.75
6.0,1.5
8.08,4.05
8.71,7.87
8.69,6.45
7.61,6.69
5.34,1.5
6.86,3.81
9.6,5.33
7.92,5.1
7.69,3.38
6.34,3.22
6.84,3.8
9.48,5.95
8.33,4.55
8.94,7.24
7.27,4.73
8.15,2.85
6.24,1.5
8.53,4.92
7.14,1.62
7.21,1.5
8.25,3.97
9.68,6.04
5.32,1.5
9.12,7.02
6.46,2.54
7.22,3.06
5.11,1.5
6.51,2.5
7.51,4.04
5.28,2.4
7.46,4.9
9.64,9.32
5.53,2.61
8.82,7.0
7.05,3.47
8.28,5.16
6.3,1.5
5.8,1.87
5.8,3.26
5.35,1.5
5.93,2.29
8.32,5.3
9.41,7.44
9.07,5.48
8.43,4.72
5.55,1.5
6.45,3.15
6.55,2.45
6.25,1.65
7.58,5.02
7.68,4.81
6.78,4.75
6.77,2.54
9.14,7.95
8.95,5.79
6.54,2.95
9.57,4.67
9.76,7.66
6.63,4.43
6.77,4.66
7.53,5.22
9.71,8.05
9.38,6.14
5.51,3.72
6.96,5.38
7.77,4.12
7.52,3.77
5.97,4.31
9.29,7.08
8.38,6.17
9.19,10.23
9.29,6.3
8.74,8.47
7.2,4.26
8.05,6.02
5.8,1.5
8.37,3.95
5.9,2.27
8.47,4.84
6.15,2.21
5.59,2.42
5.83,3.32
5.01,1.5
8.59,8.94
8.66,8.43
7.57,5.09
5.81,1.5
5.42,1.5
5.1,1.5
5.83,2.35
9.45,6.67
6.21,2.9
6.77,3.56
5.53,1.7
6.11,1.5
7.6,3.3
8.04,4.3
6.23,5.81
5.29,3.16
6.96,4.78
6.17,4.93
6.1,3.35
9.8,8.84
8.08,4.13
7.78,5.44
7.08,2.96
7.14,1.63
7.7,1.9
8.48,7.19
8.51,7.04
5.86,1.5
7.5,3.09
7.06,5.07
9.35,6.19
8.16,5.71
7.66,4.89
5.58,2.34
8.03,3.67
5.59,1.64
6.69,3.16
5.71,1.99
8.46,5.1
6.03,2.67
6.96,6.29
9.48,10.37
6.02,1.55
7.54,1.5
7.1,5.06
5.09,1.5
8.96,8.5
5.35,1.94
7.37,3.57
7.8,7.12
8.14,8.37
8.44,4.69
6.27,1.5
5.05,1.5
8.62,5.52
7.68,4.62
9.18,8.27
9.11,7.9
9.22,9.78
7.43,5.6
6.67,1.87
8.96,7.42
7.26,4.48
5.92,2.53
9.27,8.08
9.41,9.66
7.33,3.65
5.38,2.14
6.94,7.75
9.02,5.64
9.51,7.11
6.02,1.5
5.33,1.5
9.39,5.03
6.95,5.32
7.71,4.08
9.84,6.04
5.33,2.37
8.24,6.94
5.37,2.85
6.88,1.63
9.02,6.23
7.17,5.19
9.99,6.66
7.8,3.13
6.61,3.53
6.1,4.35
6.75,5.24
6.86,2.96
5.34,1.5
6.85,3.49
7.32,3.55
8.61,6.36
8.28,5.42
8.54,4.17
5.04,2.51
6.09,2.6
8.31,5.46
7.42,1.5
5.03,1.5
9.02,5.67
8.86,5.99
7.74,6.08
5.33,1.5
8.83,9.07
7.92,5.28
8.91,9.08
8.76,3.91
9.02,7.52
7.59,4.38
5.7,2.9
8.36,6.51
8.1,5.42
8.71,7.49
5.85,1.5
5.97,2.89
9.45,4.35
8.75,8.05
9.54,11.57
8.79,4.08
7.99,4.87
8.27,6.65
9.45,8.46
7.89,4.41
8.16,4.48
5.78,1.5
7.37,4.29
8.58,6.03
6.35,1.5
6.01,1.89
6.57,5.37
6.21,1.94
6.07,1.5
7.12,3.33
9.54,7.6
7.54,2.82
5.94,1.95
5.38,1.5
8.48,3.92
6.91,4.56
9.11,5.65
8.3,2.63
8.98,7.07
6.36,1.5
8.46,4.13
6.32,1.5
9.7,6.5
8.18,6.43
6.62,2.92
6.35,6.75
5.95,4.08
8.47,4.5
6.09,1.5
7.98,8.75
6.32,3.8
8.31,6.87
9.07,6.85
8.89,7.17
8.8,5.26
5.94,2.8
5.44,1.59
8.49,5.26
6.84,2.12
7.16,5.72
5.16,1.5
6.3,5.73
5.17,1.5
9.4,6.0
6.22,1.5
7.79,2.5
5.19,1.5
8.33,5.47
6.62,3.03
9.49,5.96
9.44,3.27
6.63,5.91
9.5,5.74
9.98,5.48
9.13,7.49
9.22,7.33
6.25,1.66
7.88,4.29
5.34,1.5
5.47,2.69
9.99,6.3
6.63,2.25
8.74,6.74
9.03,8.18
9.29,9.99
9.99,11.08
6.21,1.75
5.2,1.5
7.06,5.37
5.65,3.58
5.11,1.5
6.8,4.34
8.92,7.24
7.83,7.17
6.56,1.8
8.27,9.66
6.16,4.05
5.07,3.64
8.82,6.91
8.12,5.43
8.81,5.88
5.19,2.38
9.19,9.42
8.1,9.64
7.82,5.4
8.12,7.11
9.32,5.84
7.93,5.6
7.9,3.73
9.95,9.77
8.78,6.15
7.21,3.57
8.54,5.89
6.95,3.79
6.14,1.73
7.98,7.42
9.64,9.07
9.65,8.05
6.71,1.5
7.64,5.81
6.06,3.52
9.98,8.46
9.91,10.36
8.25,3.06
9.02,7.65
8.58,7.38
7.97,6.71
5.27,1.5
7.27,5.45
8.37,7.33
8.39,5.66
6.87,3.54
9.71,7.29
5.84,1.5
7.5,4.71
8.45,4.16
8.49,4.91
8.24,4.31
6.38,2.16
5.78,3.22
8.18,5.44
8.0,7.85
5.9,1.5
8.53,7.55
7.28,8.48
8.34,7.09
9.19,7.58
5.85,3.02
5.1,1.5
8.9,7.73
8.05,5.25
8.5,5.21
9.19,5.63
9.01,6.53
9.8,5.19
7.68,8.33
7.44,4.46
7.01,2.48
5.77,1.5
7.86,3.63
6.39,6.59
9.61,5.09
7.92,5.53
7.96,5.4
6.77,4.2
5.26,1.5
5.16,1.5
7.12,3.54
5.42,1.5
8.03,3.7
9.4,5.85
9.41,8.98
8.3,5.7
6.06,1.5
9.31,7.76
9.43,6.28
5.98,1.5
8.69,9.25
6.43,3.88
9.01,9.33
9.99,7.72
5.15,1.5
9.49,8.65
8.11,5.05
9.87,7.05
7.33,4.98
9.24,8.7
5.31,2.84
6.68,4.62
5.34,1.5
9.88,8.38
9.08,8.02
9.26,5.65
9.69,9.27
5.43,2.62
6.93,5.16
5.36,1.5
6.05,2.3
6.15,2.22
7.35,4.09
6.34,1.5
5.5,1.5
5.84,2.75
5.74,1.59
9.87,9.98
8.8,4.88
9.84,10.29
7.2,4.88
6.39,3.75
8.99,6.16
6.63,4.34
6.5,3.35
6.16,2.81
5.65,3.12
6.28,4.68
6.78,1.95
8.37,5.01
5.31,1.5
6.05,1.5
9.05,7.75
5.73,2.42
6.71,3.8
9.32,5.62
5.77,3.73
5.41,1.62
7.42,4.99
6.51,5.18
7.82,4.0
9.02,9.46
5.69,1.5
7.9,8.73
7.53,2.57
5.72,2.83
8.12,4.25
6.37,4.14
7.44,4.15
5.41,1.58
7.3,3.25
6.53,3.92
9.11,5.53
5.28,3.74
7.09,2.48
7.29,2.01
8.63,7.45
7.87,3.62
8.34,5.65
8.89,7.3
9.31,6.26
6.57,2.55
7.69,5.78
9.2,9.78
9.95,8.61
9.45,9.21
6.86,2.35
5.98,1.57
7.45,4.99
8.71,7.3
7.46,4.38
7.42,1.97
9.19,2.88
6.81,4.28
9.3,8.33
7.03,4.84
6.64,1.94
7.27,3.82
8.81,5.62
5.63,2.64
5.98,1.64
9.76,8.26
5.88,1.5
7.84,5.61
7.9,5.77
7.45,6.19
8.22,5.69
6.15,5.15
7.76,2.37
6.86,3.1
8.31,6.99
5.71,2.52
7.85,3.2
5.93,4.65
6.39,2.84
6.09,1.5
5.91,1.79
9.13,6.14
6.43,7.28
9.64,8.45
9.85,7.85
7.86,4.99
5.72,3.54
6.87,4.81
8.99,1.5
6.84,4.46
5.44,1.59
7.78,2.19
9.23,8.2
8.98,8.79
5.88,2.52
8.36,7.4
6.1,4.91
6.09,1.5
9.37,4.82
6.25,3.56
6.32,2.26
5.0,1.5
9.35,5.82
8.96,8.83
8.14,6.32
8.75,4.38
5.76,1.5
7.29,3.56
6.76,1.5
5.47,1.5
7.43,2.99
9.6,9.41
5.2,1.5
6.46,4.59
6.04,1.87
6.19,1.73
9.54,7.93
7.34,3.21
7.33,4.76
8.8,5.72
5.77,1.5
7.44,5.4
7.15,2.49
7.98,3.36
10.0,9.22
8.85,6.35
6.99,3.6
9.14,6.06
5.85,2.16
5.15,1.92
6.02,2.86
6.7,1.5
7.55,1.76
8.08,7.62
9.55,6.27
7.55,6.5
7.51,3.54
5.25,1.5
5.17,1.5
7.76,8.53
7.19,5.02
9.2,6.09
5.8,1.5
5.12,4.04
7.25,4.48
6.19,3.31
5.25,2.2
8.62,4.47
5.56,2.46
8.04,5.41
6.41,1.5
5.87,3.7
6.9,3.92
9.01,7.42
6.96,4.03
8.75,8.46
5.63,1.5
8.86,6.56
6.18,2.05
8.39,5.26
7.83,5.0
9.65,9.73
6.94,6.39
5.33,1.5
5.1,1.5
9.13,7.59
7.62,4.75
8.88,5.94
6.17,4.9
6.73,4.91
5.15,2.24
9.81,11.19
8.34,6.08
9.67,5.37
6.33,2.13
8.06,3.82
8.39,6.95
6.59,3.18
9.24,7.05
9.74,9.59
9.42,5.54
8.7,6.07
6.39,2.58
6.41,1.5
9.82,8.53
5.05,1.5
8.58,4.39
8.53,8.02
8.11,5.27
9.95,6.27
6.56,2.79
6.7,1.76
5.39,1.5
7.21,8.16
6.31,5.03
6.72,3.36
9.17,7.94
9.68,5.44
5.93,1.5
6.86,4.72
9.64,8.32
5.31,2.81
5.46,3.97
5.81,2.22
7.98,4.77
5.75,1.5
9.84,8.55
7.23,3.13
7.51,4.41
6.23,4.27
7.35,5.28
8.31,5.95
8.76,6.61
8.77,4.49
7.89,4.04
9.52,5.89
9.09,3.31
8.79,7.86
5.28,1.83
5.03,1.51
6.06,1.5
8.32,5.07
7.06,4.19
7.01,4.21
9.42,6.31
9.48,5.78
9.55,9.47
6.57,3.43
8.46,8.27
6.36,4.35
5.95,4.79
5.92,1.5
6.71,4.63
7.15,2.82
9.15,4.38
5.6,3.57
8.67,5.77
7.66,2.32
6.44,2.84
7.46,3.76
6.5,1.95
7.98,4.02
7.17,6.75
5.82,1.5
5.58,3.91
7.73,6.25
9.51,9.05
6.72,4.81
8.67,7.03
8.29,8.48
9.66,9.95
9.1,4.14
7.83,5.58
8.29,7.52
9.49,7.64
7.0,4.68
6.63,1.65
5.05,1.5
9.13,4.01
9.0,3.8
5.52,2.36
7.88,1.76
7.32,2.53
5.59,1.5
9.9,8.3
6.07,1.5
5.34,1.74
7.97,3.56
8.69,8.64
5.16,1.5
8.29,6.34
7.66,5.63
5.52,1.95
5.86,2.43
7.84,4.99
6.48,3.95
9.69,6.96
9.09,7.02
9.92,8.68
6.3,4.81
9.85,7.89
7.16,5.22
6.74,3.31
5.25,1.5
5.26,1.5
8.46,7.15
7.29,4.78
6.13,6.44
8.07,6.13
6.26,1.5
7.89,3.43
6.8,6.54
9.12,6.58
9.1,7.39
7.39,2.24
6.75,5.28
6.81,3.87
9.03,6.92
6.64,1.59
6.05,2.88
5.42,1.5
7.33,5.48
7.41,4.44
9.2,5.34
6.11,1.57
6.9,3.21
9.04,4.99
9.12,7.25
6.92,4.37
7.3,2.68
6.52,4.13
9.66,8.62
5.59,1.5
9.67,7.11
8.42,6.8
7.66,4.16
5.16,1.63
7.38,5.29
7.04,5.25
5.81,2.34
8.28,3.23
9.86,8.28
7.81,3.37
8.57,8.73
5.34,4.06
7.09,4.3
5.58,2.96
8.06,6.75
9.69,7.08
8.31,2.83
5.38,1.5
6.77,1.5
7.75,6.03
7.02,3.73
9.17,9.67
9.07,7.71
8.06,5.33
6.87,2.88
6.28,5.6
5.53,1.64
6.77,4.13
7.07,4.38
8.38,4.65
8.29,6.01
5.35,1.5
6.98,1.82
5.91,2.48
5.78,4.38
9.14,8.55
5.21,1.5
7.1,1.5
5.84,3.2
9.4,6.05
7.79,6.24
6.16,3.52
7.51,5.21
8.66,6.21
9.79,9.0
6.1,1.84
9.43,5.71
9.67,7.61
9.58,4.56
8.18,4.17
8.15,7.11
7.02,5.15
8.76,7.41
7.66,4.28
8.39,6.85
7.14,4.46
8.66,8.73
9.12,6.0
5.73,1.5
9.16,4.66
7.7,3.47
9.22,4.61
7.16,3.75
6.9,2.98
9.58,2.2
6.26,4.61
9.22,4.6
7.42,5.05
7.57,5.43
6.54,5.67
7.87,7.27
6.63,2.09
5.2,1.5
6.36,4.64
5.03,1.5
9.89,9.63
9.83,7.71
6.98,3.57
8.64,7.5
6.73,3.95
8.36,7.46
9.03,6.86
9.73,7.45
7.0,3.21
8.92,4.97
6.33,2.36
9.95,7.29
5.13,1.5
8.02,3.8
8.3,4.46
8.44,6.75
5.6,3.08
9.69,6.6
5.91,2.74
8.11,4.66
6.11,1.97
6.54,3.31
7.73,5.74
7.09,4.44
5.8,2.5
5.85,1.5
7.09,7.4
8.79,4.56
9.49,4.32
5.42,2.45
6.97,3.1
5.5,1.5
5.08,1.5
8.31,7.56
8.01,5.64
5.82,2.83
6.17,3.15
5.12,1.52
9.17,9.81
9.87,9.2
5.68,1.5
6.16,4.25
9.34,8.61
9.63,6.56
7.1,4.45
5.25,1.5
5.2,1.5
7.87,4.4
6.96,2.92
5.14,2.91
7.92,2.06
5.06,4.47
8.94,8.57
6.53,1.5
5.2,1.5
7.94,5.45
6.99,4.35
9.87,5.62
7.72,4.97
6.38,2.94
8.55,5.93
6.36,1.8
9.52,7.99
6.87,1.5
7.75,5.26
5.25,2.1
7.13,3.14
9.16,5.99
9.03,9.47
6.12,1.5
6.13,1.5
9.09,7.41
9.65,9.1
5.48,3.12
7.25,1.67
6.69,4.29
9.35,7.35
5.42,3.48
6.06,3.0
8.76,5.53
5.26,2.79
7.46,6.13
7.21,7.31
6.67,5.23
6.97,3.93
7.65,2.77
5.81,1.5
7.86,2.03
9.03,5.36
8.8,8.23
5.77,1.89
5.75,3.63
6.34,3.73
6.81,2.71
7.04,4.09
8.4,6.56
5.28,1.6
5.17,1.5
6.96,3.14
8.49,4.75
5.97,5.83
8.21,6.89
6.3,1.5
9.43,5.16
9.48,6.15
6.49,4.88
6.15,1.5
7.06,5.86
6.2,2.41
8.36,5.2
9.13,7.29
8.37,5.21
9.12,6.08
6.98,4.96
5.78,1.5
8.69,8.05
6.8,3.94
8.36,6.55
6.35,3.05
5.41,2.89
9.96,6.87
5.78,2.4
9.94,7.66
9.89,8.96
8.97,6.9
8.3,8.73
7.89,7.93
9.33,7.02
6.45,2.62
7.34,3.06
8.1,5.84
7.06,3.68
7.14,4.51
6.65,5.28
7.82,3.13
9.25,6.91
6.01,1.5
9.67,9.46
8.45,6.48
9.12,6.07
7.78,6.23
8.9,4.07
5.08,1.5
9.09,6.69
5.2,1.5
9.45,8.48
9.96,10.21
6.47,5.92
6.05,2.39
8.83,6.35
6.27,4.44
9.33,7.85
5.51,3.99
5.63,2.82
9.9,4.0
8.37,8.26
9.23,7.64
6.62,4.66
8.38,2.21
7.97,3.89
8.02,5.31
8.41,3.77
7.88,7.95
7.15,4.11
6.38,2.34
8.84,6.88
6.13,3.36
8.46,1.5
6.17,1.84
8.13,4.35
8.74,6.23
6.09,1.65
5.3,1.5
5.65,1.5
8.03,4.37
9.25,7.43
5.22,3.21
8.67,8.48
6.71,1.5
7.39,6.09
9.64,10.24
6.66,3.32
7.33,1.58
5.07,2.31
5.41,1.5
6.29,3.41
5.14,1.5
8.16,8.24
7.13,4.13
7.74,4.43
5.87,4.26
6.48,2.32
8.32,6.49
9.83,7.9
5.25,1.5
9.45,8.37
7.88,5.32
7.82,7.67
7.5,6.9
5.35,1.5
5.45,1.5
8.0,4.32
6.7,1.5
9.59,6.86
7.03,2.62
5.72,3.28
8.57,1.65
6.47,2.05
7.63,3.36
8.49,8.12
9.5,5.4
8.96,7.49
8.38,6.16
8.4,7.86
9.73,7.53
6.48,3.34
5.01,1.5
6.36,1.5
6.09,2.67
8.31,6.36
8.17,3.07
7.97,3.78
5.08,1.5
8.64,6.26
6.62,1.5
8.33,5.31
7.78,2.3
6.71,5.18
5.67,1.5
5.47,2.29
9.16,6.85
9.59,9.6
8.25,4.74
5.52,1.72
7.01,1.5
8.64,2.41
8.9,6.59
5.59,1.5
5.0,1.5
8.56,7.39
6.78,4.09
6.27,1.93
5.06,1.5
7.7,6.29
9.26,9.46
9.79,8.09
7.83,2.82
7.57,3.09
5.43,2.03
7.74,7.12
6.9,1.5
8.04,3.05
6.94,7.13
6.2,2.09
5.47,2.05
6.57,1.66
5.48,2.12
5.88,3.74
9.94,7.08
7.22,6.97
7.66,4.85
9.37,8.17
9.98,9.8
7.91,5.44
9.06,7.42
6.63,1.5
6.53,3.22
7.01,2.59
8.36,4.49
8.41,6.79
6.58,1.5
5.67,1.5
8.16,1.5
5.64,4.3
7.89,6.87
8.47,5.29
8.5,5.3
8.77,1.89
9.36,4.92
7.5,5.55
8.65,8.42
8.1,5.5
5.93,2.01
5.13,2.77
6.42,2.69
7.22,6.07
8.09,4.95
9.25,5.71
5.98,1.5
5.63,1.5
9.82,9.96
5.54,1.5
7.39,3.03
7.93,6.13
7.71,6.01
5.43,3.08
5.29,1.73
5.53,1.5
7.93,6.2
7.72,4.59
6.17,1.5
8.19,3.63
9.1,4.83
5.21,3.94
7.49,3.25
8.45,7.18
6.26,1.92
6.54,4.64
8.07,7.75
9.49,8.74
9.05,7.46
7.92,7.24
8.65,6.89
6.82,6.07
8.2,2.03
7.33,3.92
5.95,2.25
8.51,3.65
7.78,6.19
6.79,1.5
9.56,7.81
5.1,1.5
6.58,6.05
5.28,1.5
8.83,9.15
8.51,7.24
6.66,3.49
8.38,5.65
6.98,2.73
8.78,8.11
7.27,3.94
7.06,2.23
9.67,4.23
6.25,1.5
5.6,4.55
7.92,8.3
9.85,9.92
6.89,3.23
5.31,1.5
6.7,1.87
7.53,7.2
5.81,5.02
8.29,5.29
9.99,7.44
7.26,4.21
6.77,2.3
7.0,4.9
5.58,1.5
9.42,9.05
7.07,4.91
6.94,3.93
8.3,7.56
7.21,3.81
8.24,8.44
5.31,1.5
9.07,7.42
9.7,7.08
8.24,1.6
9.77,6.03
5.76,1.5
7.39,5.51
8.01,3.56
7.91,3.28
7.01,4.52
6.69,1.5
5.63,1.5
6.96,3.25
5.81,1.5
8.67,4.48
6.04,3.35
5.29,2.58
7.76,5.97
7.98,7.28
9.36,7.9
7.88,2.61
6.73,4.39
9.02,5.29
7.7,4.19
5.4,1.93
7.83,1.83
9.54,3.62
6.98,5.09
6.48,4.01
5.72,2.26
5.76,1.5
7.16,5.11
7.98,6.67
5.4,1.5
9.7,6.5
8.78,4.71
7.93,5.75
9.14,8.88
5.4,1.5
7.38,3.33
8.15,4.54
9.14,6.55
8.92,5.07
6.39,1.5
9.7,9.26
5.62,4.48
9.38,6.22
9.85,7.31
5.89,2.06
8.61,4.96
5.2,2.35
7.03,4.45
7.58,2.65
7.9,2.4
9.68,7.58
8.36,6.99
7.41,6.1
9.05,6.7
9.75,11.85
5.11,1.5
9.91,8.76
5.43,1.5
9.07,4.72
6.4,4.78
5.66,2.73
7.2,2.61
8.22,4.22
6.9,3.47
5.27,2.14
8.0,7.29
9.51,8.3
6.92,1.5
6.08,2.57
7.21,3.09
5.24,1.5
9.1,6.36
9.13,7.86
7.94,6.62
6.77,1.5
9.0,6.54
7.77,2.78
9.13,4.83
8.16,4.83
8.92,8.26
7.99,6.32
7.07,5.12
9.79,9.59
7.71,9.44
8.03,5.21
6.1,4.99
8.13,6.59
7.86,7.29
5.92,5.08
5.3,1.5
8.02,5.14
8.82,7.37
7.62,5.07
6.13,2.51
8.33,8.0
5.4,1.5
7.21,4.05
5.82,2.61
5.92,2.03
6.01,1.5
6.93,3.08
5.26,2.29
6.99,5.93
7.56,3.64
7.42,3.21
6.91,4.16
9.2,4.42
5.73,1.5
7.53,1.5
5.31,3.48
5.36,1.5
7.87,7.13
7.83,5.96
9.39,7.33
7.79,3.99
9.8,8.66
5.24,1.5
5.49,1.92
5.22,1.5
5.93,2.84
7.71,5.86
8.23,4.16
5.23,1.5
9.73,7.58
9.21,5.92
6.48,3.56
5.39,1.5
5.85,2.64
5.63,4.04
5.62,1.5
7.59,6.01
6.23,2.49
6.79,3.47
9.95,8.09
8.42,4.68
9.74,6.83
5.71,1.5
6.91,1.86
7.77,5.76
5.38,2.7
5.02,1.99
8.35,6.26
8.21,6.1
7.05,5.07
7.45,5.83
7.08,2.94
5.12,1.5
6.68,3.3
5.89,1.81
5.49,1.5
9.78,5.23
8.0,8.19
8.64,4.8
6.58,3.23
6.97,5.97
6.18,1.5
5.48,1.5
5.9,1.56
8.99,5.12
8.39,6.73
7.73,7.79
7.38,4.5
9.61,10.2
5.36,1.58
6.4,1.5
6.75,1.5
8.91,4.17
9.96,9.24
6.2,2.43
9.37,6.47
9.15,6.21
6.12,5.1
7.0,3.01
7.05,4.99
9.89,7.76
5.9,2.34
9.0,8.51
6.67,5.51
8.65,7.0
7.1,5.7
7.89,4.96
9.16,6.93
9.02,8.36
9.33,5.84
5.3,1.5
8.46,4.34
5.7,2.87
7.08,4.1
7.74,3.44
7.01,3.39
7.6,1.5
9.98,6.63
5.68,1.5
8.38,6.75
6.98,6.45
5.67,2.49
5.79,3.04
9.75,5.68
9.4,5.96
9.54,8.01
9.96,8.63
6.04,1.5
6.78,1.5
8.35,3.61
7.42,5.73
7.09,4.32
6.79,3.33
7.97,4.7
7.88,6.24
5.81,1.64
7.36,5.21
7.77,2.68
7.85,3.92
6.05,2.46
8.71,8.91
5.13,2.92
6.77,4.74
8.9,6.06
7.82,6.74
6.31,4.31
8.47,3.1
7.84,2.87
8.98,6.08
8.68,4.13
8.05,3.75
7.44,3.83
5.67,1.5
6.31,2.12
7.1,3.39
8.0,7.01
7.57,4.95
6.44,1.81
5.03,1.5
7.48,5.17
6.43,1.85
8.67,5.59
5.12,1.5
7.92,4.87
9.71,7.43
5.87,2.8
7.36,4.24
5.46,4.68
8.13,4.75
7.75,5.6
7.04,1.5
7.61,3.36
9.48,5.75
5.98,1.5
5.11,1.51
9.31,9.59
7.89,6.5
9.45,8.2
7.98,3.67
9.05,8.48
7.15,6.84
8.75,6.32
9.57,8.59
7.86,6.21
5.9,3.19
6.34,1.5
5.99,1.93
6.23,2.73
6.53,4.85
7.78,4.23
7.94,1.5
7.13,3.37
8.08,6.33
5.41,1.5
5.44,1.5
5.86,2.13
7.59,4.64
6.07,2.95
6.42,1.5
7.0,3.14
9.06,8.23
5.07,1.5
8.25,8.06
8.34,4.31
8.99,8.42
9.66,6.59
5.1,1.5
5.77,1.5
9.43,9.25
7.29,3.77
7.82,6.47
8.32,7.88
8.4,4.15
9.66,6.35
9.98,4.76
8.6,5.35
6.44,4.06
9.4,8.1
5.25,1.5
6.16,2.42
9.49,8.54
6.28,6.05
6.1,3.16
5.69,1.5
9.3,7.39
7.5,5.33
8.37,7.17
6.2,3.67
8.79,7.88
8.8,4.19
6.56,1.56
7.05,4.09
6.05,3.94
9.88,5.76
8.23,5.65
9.67,8.15
6.52,4.85
8.91,6.45
8.83,3.65
8.46,7.57
9.83,10.74
6.97,5.49
5.65,1.5
8.36,4.38
8.65,3.77
7.88,8.55
6.03,2.26
7.52,4.11
6.56,2.92
7.14,3.46
8.23,8.7
8.73,5.93
6.16,4.75
7.03,3.82
6.35,5.13
5.99,4.3
8.92,6.1
9.55,5.86
6.85,3.3
8.76,6.93
9.48,6.04
9.23,10.22
5.91,2.59
9.78,6.22
6.88,1.5
6.7,1.5
5.31,2.54
7.43,3.78
5.55,1.5
6.24,3.38
6.58,2.83
9.04,6.95
9.38,7.11
6.51,3.22
9.29,4.81
9.29,7.07
8.82,6.99
5.73,1.5
8.45,8.65
9.73,11.25
8.41,6.89
6.66,5.26
7.5,5.18
8.23,5.14
7.55,4.18
5.6,4.92
6.56,2.65
9.01,4.37
9.31,6.07
5.69,1.53
9.76,5.39
6.64,5.43
8.31,5.83
8.76,8.36
9.06,6.77
9.73,6.24
6.56,1.5
9.29,6.56
5.66,2.34
8.53,7.52
8.71,6.8
8.39,4.49
6.26,2.76
9.37,6.71
5.84,2.65
5.27,1.74
8.59,4.48
7.38,5.55
9.25,11.2
6.92,4.85
5.84,2.04
9.18,7.05
7.74,4.91
5.95,1.5
8.6,7.72
7.56,3.51
8.02,3.06
7.3,4.24
9.14,7.09
9.15,5.11
8.55,4.24
5.53,1.76
9.19,5.7
8.36,5.93
8.49,8.37
6.81,4.44
9.4,6.4
8.63,3.31
5.56,2.0
7.04,1.5
9.43,3.02
5.24,1.77
9.81,9.29
8.4,6.3
8.16,6.7
6.35,2.7
6.24,1.5
9.71,9.27
6.49,4.81
8.88,6.58
6.97,1.68
5.7,1.5
5.05,1.5
7.72,6.01
9.88,4.45
6.85,4.65
6.79,3.98
6.72,1.5
7.6,3.47
7.2,3.67
9.4,6.55
7.53,4.66
7.54,4.13
5.69,3.47
9.91,8.1
6.25,1.67
5.37,1.5
8.32,6.93
7.98,5.42
7.08,5.46
7.11,4.84
8.93,3.73
5.98,1.5
9.1,4.73
8.24,3.39
7.09,3.11
7.29,4.93
6.28,4.52
8.76,5.46
7.56,4.27
6.6,1.63
7.98,6.26
9.98,9.82
7.18,4.73
9.6,8.37
6.73,1.5
5.27,1.5
6.02,4.22
7.09,2.84
6.1,4.51
5.0,1.5
9.58,8.13
9.22,5.43
8.71,5.75
5.84,3.45
5.6,3.28
5.34,1.5
8.62,3.5
9.64,8.32
7.15,5.93
5.6,3.95
7.56,3.31
6.74,1.5
6.87,5.34
8.11,4.69
8.59,8.51
5.55,2.06
5.18,1.5
9.97,8.05
6.16,4.07
5.27,1.5
5.95,1.5
5.19,1.5
6.96,1.95
9.01,7.48
6.71,4.21
7.22,1.91
8.38,8.21
7.54,2.62
9.31,10.54
9.33,10.62
5.05,1.5
8.89,4.4
7.3,4.49
9.94,6.03
7.42,2.59
9.93,9.83
8.77,3.93
6.24,1.5
7.69,5.3
9.96,6.85
9.29,10.18
5.49,1.5
8.53,5.98
6.73,2.98
5.03,1.5
7.02,4.98
6.17,3.8
9.09,7.32
6.69,4.06
9.14,7.71
5.0,1.5
6.54,1.5
6.21,2.45
6.17,3.23
5.34,2.06
5.94,2.82
7.78,5.32
6.46,2.95
7.09,2.97
6.88,4.43
9.38,7.69
9.53,7.93
7.46,5.21
6.65,2.71
5.53,2.41
9.77,7.52
5.3,4.29
6.49,2.87
6.49,3.68
6.6,3.6
5.82,1.5
8.92,5.02
5.61,2.92
8.17,5.36
5.62,1.5
5.35,1.5
9.55,7.27
5.95,2.06
9.11,8.06
7.72,6.1
5.39,3.53
9.78,8.12
6.23,2.56
9.3,6.99
5.84,1.5
9.27,5.72
5.07,1.5
7.56,6.16
8.85,3.62
9.67,9.63
9.55,9.28
9.1,7.27
9.44,4.31
6.0,1.5
6.42,1.87
6.44,3.27
6.89,3.31
6.97,1.81
7.72,6.35
5.8,4.19
8.46,5.62
5.84,2.33
6.55,1.5
7.52,4.46
8.98,7.36
8.7,6.88
8.23,5.53
5.78,1.5
7.74,4.58
5.44,1.5
6.89,4.1
7.07,1.5
5.2,1.5
6.37,3.15
9.78,6.19
9.77,6.74
6.76,2.35
5.22,1.5
5.9,2.36
6.96,4.31
9.74,4.28
5.71,3.15
8.82,6.29
5.54,4.4
9.91,7.42
6.91,2.65
8.88,6.92
6.71,3.53
8.14,2.46
5.96,1.5
5.73,2.73
9.69,6.93
9.59,9.96
9.44,7.74
8.13,3.63
9.04,7.93
5.35,3.49
6.67,4.13
6.57,5.28
8.18,7.03
6.78,2.28
5.74,3.2
7.98,2.15
9.07,7.27
6.91,3.07
5.66,3.55
5.98,3.88
6.19,3.63
6.5,3.78
8.21,6.57
8.0,4.34
8.48,6.91
6.81,5.89
9.12,7.98
6.02,2.36
7.35,4.12
9.0,7.09
5.9,1.5
5.55,1.5
9.42,10.93
6.71,2.11
8.42,8.05
5.13,2.87
8.45,7.52
6.58,4.19
5.28,1.5
8.05,4.06
6.2,5.01
6.93,2.1
5.4,2.71
5.74,1.5
6.49,1.5
5.45,4.0
9.55,7.32
5.03,1.5
7.42,5.83
5.62,3.26
6.54,4.08
9.63,7.5
5.81,1.78
9.83,8.31
6.03,3.34
8.71,4.37
7.73,4.27
9.42,7.07
7.77,6.92
7.67,6.34
5.98,1.5
5.83,1.59
9.58,5.06
6.64,4.42
6.86,4.73
8.8,7.21
6.69,2.9
9.76,8.75
8.69,7.62
7.99,5.16
9.4,5.63
5.25,1.5
6.29,4.33
7.33,5.73
6.13,2.95
8.72,7.28
9.6,5.56
7.12,1.5
6.71,3.89
9.81,8.6
7.22,1.5
7.45,4.21
6.76,3.39
9.55,7.19
7.84,5.19
8.81,2.46
9.06,6.67
6.71,2.24
7.17,4.36
9.24,5.8
6.82,4.22
8.97,1.91
9.7,8.1
8.12,5.28
8.71,5.7
9.03,7.93
9.23,3.82
6.98,4.92
5.26,1.5
7.01,3.09
8.37,6.9
7.25,6.02
8.74,8.46
6.78,7.01
8.17,8.14
5.93,1.5
8.75,6.3
7.73,4.31
6.02,5.57
6.46,5.04
8.74,5.07
7.41,5.48
6.08,1.5
9.84,8.17
8.58,4.3
9.79,5.12
7.14,5.3
7.38,6.55
9.49,8.15
7.63,3.87
8.54,3.34
6.26,1.5
7.23,2.74
5.62,1.5
6.03,3.64
5.0,2.4
5.2,1.5
9.89,6.27
6.21,1.5
8.32,3.06
9.2,7.54
7.75,5.01
5.77,1.7
8.64,8.96
8.0,5.95
8.66,6.01
8.85,8.31
9.88,11.08
7.87,5.66
6.71,4.0
8.24,5.16
5.34,1.5
9.49,8.11
5.6,1.5
6.64,1.78
9.08,9.44
7.99,7.73
6.97,6.09
7.37,2.75
9.27,5.2
6.7,1.5
9.35,6.56
5.44,1.5
8.88,5.05
9.24,9.41
5.91,3.59
7.15,2.74
5.83,1.5
8.53,6.1
7.68,7.1
8.18,4.65
5.98,2.19
6.06,1.82
5.21,1.5
6.61,3.1
7.8,3.9
9.29,5.84
8.33,6.19
7.18,5.28
9.77,7.63
8.6,5.67
9.65,3.51
7.64,6.13
6.29,1.5
5.26,1.5
8.63,4.28
5.61,1.5
6.51,5.56
7.66,4.83
7.82,2.43
8.0,7.11
5.83,2.34
6.9,1.5
8.09,6.13
9.85,11.13
8.64,3.23
9.61,5.55
8.81,2.28
7.96,4.08
5.96,3.38
8.33,6.23
8.12,7.99
8.01,6.68
7.45,6.35
7.64,6.35
6.67,2.46
7.6,4.74
5.99,1.5
9.03,7.2
5.93,1.88
5.42,1.5
7.18,5.99
8.29,5.74
7.19,2.06
6.38,1.71
7.79,5.4
6.74,1.5
9.66,5.94
9.61,8.59
7.51,4.22
6.64,2.76
8.69,5.23
5.18,1.5
7.37,2.21
6.68,3.13
9.6,6.96
5.06,2.41
7.76,5.88
8.7,7.64
7.43,7.0
5.43,2.32
9.86,11.27
7.59,3.19
8.07,2.65
6.18,3.14
7.42,1.63
7.15,3.37
5.37,2.55
5.53,3.65
9.19,6.33
6.2,1.5
5.97,2.46
7.52,2.2
8.84,7.05
5.31,1.5
7.88,5.22
5.6,1.68
5.18,1.5
5.26,1.5
9.17,5.76
5.59,1.5
5.23,1.65
7.19,5.36
9.22,7.72
6.31,2.39
7.11,2.96
5.2,1.97
7.25,5.03
7.89,4.51
7.85,7.01
6.66,3.28
6.58,3.19
5.53,1.5
6.83,1.5
5.5,2.44
8.83,6.55
9.83,7.63
9.85,11.64
9.33,7.37
8.0,2.59
8.5,5.54
6.43,2.82
8.15,5.09
7.28,5.05
7.41,6.23
8.79,3.88
6.41,2.52
6.59,5.44
9.62,5.17
5.28,1.5
7.43,1.5
9.56,4.43
8.05,5.08
7.73,6.96
6.25,1.5
6.72,3.92
9.26,6.13
7.8,5.92
7.57,3.67
5.5,2.39
5.08,1.5
9.82,9.18
6.88,3.12
8.02,3.9
5.4,1.94
8.42,5.4
9.66,8.53
7.88,4.96
5.63,2.14
7.91,5.88
8.83,4.8
7.03,3.57
9.4,7.24
8.24,6.02
9.5,7.4
8.12,7.54
5.66,2.48
6.55,1.94
6.01,2.58
9.54,9.89
8.8,5.44
8.38,4.74
6.5,1.58
5.92,3.2
8.78,8.03
7.37,3.58
6.13,3.43
8.08,1.5
5.2,3.05
6.63,2.89
7.34,4.46
5.74,1.5
9.92,9.11
6.05,1.5
5.65,3.73
6.02,2.95
8.85,8.21
7.13,2.93
7.83,2.25
5.11,2.4
5.17,1.5
7.23,6.88
9.08,7.17
9.43,6.25
5.43,3.36
7.69,7.7
9.57,6.34
6.94,1.97
9.15,7.29
5.67,1.57
9.68,8.71
8.76,4.75
9.71,10.7
8.38,4.59
6.82,4.22
9.69,6.16
6.38,2.46
6.66,3.24
8.5,6.08
8.83,7.31
9.65,7.77
6.02,1.89
8.99,6.62
8.69,8.43
5.32,2.83
6.94,1.5
6.41,2.51
6.52,2.86
9.91,9.19
8.21,5.32
8.59,6.46
9.88,6.41
6.89,3.83
9.01,8.92
7.17,2.22
9.35,9.98
5.9,3.54
9.74,9.15
6.09,1.5
6.63,3.39
8.78,5.41
6.97,4.41
8.04,7.64
7.22,3.95
8.71,6.14
6.14,1.5
5.29,1.5
6.5,4.0
7.37,6.1
5.84,1.5
6.77,3.37
7.0,5.2
5.29,2.71
7.92,4.72
9.42,3.58
5.76,5.91
7.99,6.03
8.32,4.54
7.1,3.3
8.51,7.58
7.05,4.35
7.52,5.24
5.04,1.5
8.46,5.18
8.31,8.94
5.19,1.5
6.84,2.57
9.9,8.29
7.1,4.73
7.51,6.01
9.55,10.26
8.59,4.9
7.91,5.02
8.99,10.07
9.32,8.14
7.28,3.49
7.38,1.5
6.93,3.41
9.83,9.25
8.49,3.63
5.42,1.51
9.31,7.23
7.4,5.24
5.34,1.5
7.75,6.19
7.09,4.57
9.39,6.43
6.02,3.81
9.13,5.97
7.79,7.01
5.27,2.63
9.86,10.56
7.56,3.98
6.45,1.81
7.35,4.6
9.29,6.29
6.52,1.54
5.96,1.5
5.65,1.5
6.49,1.5
8.9,8.28
7.36,4.0
6.14,1.98
5.83,1.5
6.66,1.69
9.7,10.26
6.72,3.01
9.94,10.5
7.43,5.25
5.9,1.5
9.46,9.98
7.3,5.29
8.55,5.51
9.92,8.73
5.25,1.5
5.48,4.34
8.6,6.01
6.41,1.91
5.92,1.5
5.2,1.5
5.11,3.04
8.87,8.78
5.67,1.5
7.34,5.51
8.03,4.82
7.14,2.69
5.14,4.55
8.92,9.97
5.05,1.5
8.81,8.14
9.47,8.92
7.16,4.36
7.68,4.45
7.38,6.77
6.95,2.89
9.44,10.96
9.47,5.83
6.68,6.2
8.08,5.79
9.63,7.16
9.81,6.36
7.54,3.16
7.26,4.29
6.39,4.36
9.79,3.62
5.71,1.5
7.9,4.19
6.41,1.57
6.4,5.4
7.02,4.99
9.99,10.42
5.27,1.5
7.89,7.2
5.41,1.5
5.77,4.87
7.2,3.79
7.55,4.16
6.29,1.57
6.58,2.06
5.43,4.33
6.52,4.45
9.83,9.9
9.72,7.04
6.67,2.92
7.85,5.34
9.55,7.89
5.03,1.5
9.05,9.0
9.74,7.71
5.46,1.5
5.81,1.5
9.8,9.56
7.69,9.1
5.07,1.5
6.29,3.01
7.25,5.34
8.46,4.33
8.67,4.31
9.98,6.89
6.44,4.55
7.69,7.57
7.67,4.77
7.03,2.93
5.85,1.5
9.89,8.52
9.27,5.4
7.49,4.01
8.02,6.96
6.14,2.75
7.72,4.12
8.47,5.05
7.58,5.13
9.95,4.63
8.06,6.35
6.85,2.58
8.86,3.22
5.85,2.5
6.92,2.26
6.73,3.85
7.16,5.55
8.91,5.16
7.42,3.71
8.97,4.41
7.88,8.06
6.71,1.57
9.05,6.95
6.19,4.24
6.12,2.46
7.52,2.41
6.3,3.24
5.05,1.97
8.24,5.65
7.56,4.09
7.23,3.0
9.83,6.89
7.86,2.13
9.32,8.11
5.7,4.22
7.85,4.34
9.34,5.78
7.92,3.99
8.59,8.08
6.86,5.24
5.46,3.13
7.29,2.82
6.97,4.5
9.34,9.95
6.22,3.47
9.83,7.6
9.79,8.32
6.24,2.62
6.74,5.8
9.48,7.22
9.83,6.87
7.22,3.04
6.6,4.73
7.63,4.83
8.44,6.67
6.37,2.04
8.68,9.01
5.26,3.55
5.25,3.11
6.93,6.18
6.77,2.39
6.58,2.25
7.46,4.17
6.6,3.03
5.96,4.18
6.55,5.05
9.87,7.95
7.06,2.01
7.22,2.26
7.88,5.56
9.92,9.81
6.21,2.0
8.41,9.59
8.58,3.97
8.04,3.74
5.44,1.5
8.38,4.99
5.32,2.13
7.98,4.47
8.7,2.87
6.05,3.94
9.21,3.11
5.15,1.5
9.22,3.29
7.3,5.12
6.09,2.34
5.67,4.64
9.77,9.58
5.36,3.43
6.0,2.54
6.74,1.85
8.1,5.18
7.72,5.6
5.63,2.66
6.45,2.29
6.19,3.0
6.07,1.5
7.06,2.28
8.52,3.62
6.09,2.4
6.83,2.24
6.95,2.33
9.88,10.0
9.77,6.51
9.0,5.1
6.21,3.0
5.34,1.56
6.58,2.11
6.33,4.29
7.53,5.68
8.89,9.34
9.29,7.44
9.22,6.99
6.8,2.89
8.44,5.32
6.56,2.87
5.3,1.5
8.51,4.31
5.05,1.5
7.05,3.48
6.65,1.5
8.47,6.52
8.83,8.69
6.52,1.77
9.06,10.01
6.47,2.64
7.23,1.94
8.64,6.34
8.46,6.56
9.94,9.86
6.13,2.4
8.31,3.23
8.05,3.35
9.58,7.21
5.78,1.5
8.76,3.9
7.84,4.02
6.37,3.69
7.37,6.59
6.67,4.79
7.9,6.87
9.45,7.48
7.85,5.39
8.16,5.77
7.59,5.7
5.26,1.5
6.16,2.03
7.46,5.32
6.55,4.35
5.91,3.04
7.52,4.77
6.61,3.1
6.29,3.31
7.32,4.7
5.67,1.5
9.64,6.95
9.34,10.07
8.54,6.51
5.53,1.5
8.88,5.09
9.04,5.21
8.84,7.02
5.57,1.5
8.22,5.86
9.17,5.99
7.89,6.68
8.23,5.62
7.29,5.54
7.64,3.92
5.17,1.5
8.19,9.88
5.41,1.5
7.18,3.79
6.46,3.97
7.73,6.44
5.67,1.5
8.46,5.42
8.98,3.76
5.82,4.18
5.52,1.5
5.73,1.64
9.39,6.32
7.64,2.6
7.34,3.99
5.53,1.5
8.25,4.14
9.34,8.96
9.14,8.28
8.13,7.38
5.38,2.65
5.56,1.53
5.25,1.5
6.29,2.55
5.68,2.24
6.3,1.84
6.93,3.56
9.71,5.51
8.05,4.14
9.17,6.08
8.55,4.91
5.56,1.5
8.68,5.86
6.38,6.0
8.2,5.99
6.7,4.5
9.99,4.12
6.32,1.54
6.4,1.5
9.65,6.7
5.12,4.46
8.48,6.7
8.63,8.3
9.18,5.67
9.87,9.95
9.88,12.39
5.33,1.5
9.11,7.15
8.23,2.94
8.24,4.4
5.64,1.88
8.25,8.59
9.91,6.69
9.56,8.57
7.2,1.74
5.2,1.5
6.81,3.79
9.13,6.9
8.51,7.02
7.3,4.14
5.28,1.94
7.13,3.55
7.35,2.53
9.64,3.73
8.21,3.7
6.56,3.08
7.63,6.78
5.33,1.5
9.86,8.26
6.8,3.5
7.39,3.57
6.78,4.13
8.41,9.64
8.31,9.57
8.58,5.53
6.34,3.09
6.58,6.07
5.63,1.53
8.28,7.37
5.2,1.5
7.99,4.16
9.35,9.84
9.45,6.9
7.25,4.23
7.3,1.93
5.38,4.36
8.35,8.21
9.11,6.56
6.22,3.19
7.11,5.09
9.19,8.57
9.39,6.69
6.22,3.89
7.75,7.47
5.96,3.96
5.51,1.5
9.56,7.73
9.1,6.21
8.8,7.27
5.24,1.5
9.22,3.51
7.19,7.47
6.71,4.74
7.73,5.77
5.46,1.76
8.78,6.46
7.91,6.54
5.93,1.61
5.94,2.59
5.92,2.39
5.29,1.5
7.94,7.21
9.2,5.24
5.09,2.53
5.25,1.5
7.86,7.41
9.1,5.14
6.63,2.08
6.75,1.73
7.98,4.9
6.37,5.61
5.13,3.45
8.68,3.61
8.13,5.16
7.9,1.5
8.71,6.31
8.38,6.89
6.03,2.49
6.76,3.16
5.63,1.96
5.65,1.5
8.38,6.22
9.29,8.23
9.81,8.55
8.14,5.02
5.92,1.5
5.53,1.5
9.06,4.02
7.89,6.81
8.09,5.12
8.91,7.96
8.52,8.81
9.17,4.85
5.28,1.5
8.74,5.03
9.25,7.5
6.43,5.94
8.2,7.23
6.57,4.43
9.79,11.41
5.17,1.5
7.9,5.15
5.83,1.61
8.56,5.16
5.88,3.73
6.18,3.64
7.47,3.61
9.57,6.09
6.06,1.5
5.72,1.5
8.79,7.68
7.5,4.48
9.56,6.1
5.73,1.5
8.23,5.47
6.16,1.5
5.78,1.5
8.42,5.73
7.97,5.27
8.77,3.39
6.55,3.06
7.24,5.11
7.03,2.63
9.92,10.66
6.46,2.36
6.47,2.57
6.77,2.64
7.82,2.14
6.26,3.66
9.58,5.31
6.33,2.32
9.48,8.12
5.52,3.44
8.28,4.25
9.53,7.03
5.84,3.74
9.84,10.13
7.26,4.48
9.73,7.38
8.38,4.09
6.51,3.22
5.94,1.5
6.52,1.5
5.47,1.5
5.72,4.04
5.52,1.56
7.11,5.3
8.98,7.71
5.71,1.5
5.65,3.93
8.22,4.9
5.99,3.66
5.49,1.5
5.83,3.47
9.62,8.41
9.11,8.07
6.77,2.58
8.28,6.56
7.69,5.46
8.39,6.2
8.41,6.45
8.14,6.45
6.33,2.05
5.2,1.5
7.28,3.99
9.45,6.64
7.85,6.63
9.16,6.55
9.96,10.27
5.82,3.99
8.46,6.6
8.37,6.22
9.9,5.53
9.93,6.01
8.43,4.19
6.22,4.7
8.99,7.51
5.54,1.5
8.9,6.68
9.55,10.06
6.91,4.06
8.15,8.04
7.15,4.77
7.19,1.84
6.55,1.65
8.81,5.79
9.68,4.63
9.7,8.47
5.87,1.5
9.37,7.78
8.69,6.84
6.26,3.54
5.34,1.5
6.34,3.07
9.56,6.06
8.17,3.67
8.61,4.66
6.29,3.44
8.6,7.19
5.14,3.32
6.88,4.93
8.13,7.34
5.73,1.5
9.12,5.21
6.18,1.5
8.26,4.46
7.03,3.03
7.98,4.14
5.54,3.08
5.08,1.63
9.55,8.89
6.35,1.5
9.1,6.53
10.0,9.18
6.06,5.03
6.33,1.5
8.31,5.09
9.83,8.59
9.58,8.28
7.51,2.53
8.98,3.62
5.68,1.5
9.89,6.78
9.82,6.89
5.82,3.03
6.5,1.5
5.5,1.75
6.36,4.13
9.08,6.73
6.89,1.5
5.44,1.77
6.71,2.76
9.91,8.92
8.15,5.5
7.08,3.59
5.83,2.45
9.93,10.28
9.1,7.37
6.41,5.38
5.35,1.75
5.28,1.5
5.6,2.01
7.9,4.16
9.64,6.83
7.48,1.5
9.21,4.55
7.23,4.86
8.54,8.56
8.66,8.57
5.87,1.5
6.81,3.38
8.19,6.56
5.35,1.5
6.81,3.74
7.67,2.7
9.98,8.72
7.37,3.27
9.08,7.39
7.16,4.22
8.98,8.87
7.98,5.88
9.43,8.84
7.05,6.6
8.02,3.93
8.15,8.88
7.09,3.57
5.72,3.0
5.47,1.5
5.08,1.5
9.37,6.7
6.18,4.17
6.06,3.26
8.68,6.14
6.6,8.13
7.53,6.24
5.81,3.11
9.8,7.94
9.26,5.23
9.32,7.98
7.03,5.01
8.81,4.44
5.72,1.5
5.04,1.61
5.1,1.5
7.93,3.98
7.28,1.84
7.59,7.69
5.04,1.5
7.11,1.5
8.59,4.35
7.21,2.83
8.66,8.09
6.17,3.82
9.07,9.58
7.94,2.6
6.05,2.5
6.18,4.19
8.14,7.79
9.15,7.61
7.08,7.33
6.29,4.04
9.34,7.86
8.35,4.71
7.24,2.24
7.44,2.61
6.02,2.13
8.13,5.13
6.79,1.5
9.98,5.63
7.4,4.31
7.43,4.97
7.83,5.35
9.58,7.05
9.0,5.3
7.26,4.89
8.59,6.98
7.93,5.38
7.46,2.81
5.96,1.5
7.32,4.74
6.23,2.15
9.57,8.04
6.68,2.86
9.76,7.2
7.67,3.49
8.16,4.83
7.71,3.02
5.65,2.95
6.88,2.84
5.5,2.23
8.11,2.82
7.23,7.41
8.89,7.56
6.1,1.5
5.82,1.5
7.03,5.17
9.63,6.5
8.55,6.58
7.09,3.91
7.59,4.98
5.42,2.14
9.92,6.32
8.33,2.55
6.43,4.74
7.93,7.18
5.55,5.58
9.83,6.05
5.87,2.97
8.24,2.49
6.23,4.73
8.59,7.8
8.88,4.23
8.37,7.81
8.07,4.16
9.46,7.5
5.39,1.5
6.65,5.62
6.24,5.74
9.94,5.72
6.95,5.12
8.66,5.6
8.42,3.46
6.06,1.5
6.19,5.79
6.41,3.83
7.06,5.24
6.17,1.96
5.1,1.5
9.4,6.34
9.83,6.83
6.71,1.5
6.69,1.5
5.04,1.93
8.4,5.26
9.13,7.74
5.73,2.53
5.8,2.12
8.95,7.95
8.08,3.33
5.22,1.78
8.11,7.22
6.54,4.86
6.84,1.5
8.85,7.01
9.05,8.2
7.0,3.68
9.74,9.5
7.03,5.08
8.86,4.39
7.42,7.42
9.49,7.82
9.54,8.47
5.44,1.5
9.68,8.59
9.13,8.31
8.96,10.15
6.0,1.5
9.03,6.49
9.25,6.13
6.45,2.4
9.76,7.33
5.25,3.05
5.75,4.12
7.69,3.87
7.88,3.79
8.23,3.22
5.08,2.04
9.8,11.68
5.22,1.5
5.72,1.67
5.07,1.5
7.83,8.54
9.66,7.48
8.33,6.6
9.11,7.27
5.07,1.5
7.71,2.44
7.3,3.77
7.49,6.13
5.36,1.5
8.42,3.93
7.52,3.84
8.83,6.85
7.43,7.38
5.75,1.95
8.24,3.32
5.86,1.67
9.36,9.84
8.07,3.59
5.79,1.5
9.81,6.33
7.59,4.78
5.36,2.1
8.13,7.0
6.27,1.5
9.02,4.12
9.09,5.95
9.89,8.76
7.51,3.51
7.27,2.76
8.77,5.63
5.66,3.49
7.73,6.2
7.73,7.16
5.45,3.7
7.09,3.41
9.27,5.94
9.28,4.28
5.5,1.5
5.45,1.5
6.31,2.14
9.37,9.08
5.64,1.9
8.6,4.81
5.51,1.57
8.12,3.78
6.78,4.56
8.94,6.45
6.17,1.5
8.2,7.33
6.18,3.43
8.57,3.23
9.37,9.49
5.63,1.5
9.33,6.37
7.97,4.67
5.64,2.86
7.14,3.89
5.8,2.16
8.5,5.03
8.79,7.41
5.53,1.63
7.53,6.62
9.07,7.92
9.68,7.21
7.57,4.36
9.75,8.03
7.68,6.96
6.97,6.2
9.24,7.49
7.46,3.5
7.36,2.45
7.45,5.68
9.23,10.36
9.16,6.47
7.02,1.5
6.67,1.68
7.46,2.83
7.86,3.37
6.19,1.5
8.97,7.76
7.43,4.67
6.67,4.51
5.53,2.08
6.19,1.5
9.75,5.56
6.53,2.9
5.84,2.6
7.3,6.12
6.54,3.58
5.18,1.5
6.62,3.24
7.72,3.63
7.76,5.57
6.78,4.52
7.24,4.08
9.83,7.14
6.89,3.17
6.29,5.16
6.22,1.5
7.29,7.41
8.8,4.87
6.03,1.65
8.55,7.55
5.11,2.62
7.09,1.5
8.88,5.18
6.69,3.95
7.82,8.28
6.02,4.5
8.71,7.15
5.26,1.5
9.26,6.95
5.99,2.75
9.37,7.76
6.76,2.31
8.61,5.28
6.6,1.79
9.53,8.9
5.63,4.16
5.89,2.93
7.47,4.54
5.41,1.5
5.98,1.79
9.72,9.22
9.88,9.04
6.88,3.49
9.62,8.57
7.72,6.61
6.35,3.73
8.51,8.41
8.29,7.45
9.95,8.94
6.33,2.76
8.36,4.79
5.26,1.5
5.57,1.5
5.02,1.5
10.0,6.48
9.01,5.37
8.93,5.96
7.55,7.63
6.5,2.62
5.76,2.56
6.42,3.22
6.88,6.3
8.78,6.66
7.7,5.25
5.39,1.5
5.09,2.49
5.51,3.52
7.05,4.43
9.67,10.04
8.19,6.79
9.01,5.46
7.33,5.93
6.81,3.77
5.54,1.5
9.38,10.18
8.92,6.26
5.84,1.5
7.56,6.45
7.44,4.62
8.13,5.71
9.73,10.05
7.9,4.9
7.7,5.49
5.25,3.18
5.31,1.5
5.94,2.91
5.16,1.5
8.72,7.36
8.62,6.63
5.68,1.5
9.18,9.49
5.77,3.6
6.51,4.2
6.24,3.7
6.86,4.86
6.27,1.5
7.44,5.29
7.04,4.35
9.93,9.13
5.28,1.84
5.71,3.77
5.26,1.5
8.13,5.7
5.27,1.5
9.18,5.58
7.56,6.67
7.64,4.26
7.81,5.19
5.85,1.5
5.99,2.01
6.59,4.35
7.97,5.95
6.05,2.75
5.58,1.9
9.85,5.47
5.11,1.72
9.01,5.38
8.94,4.75
6.49,1.9
5.68,1.63
5.73,1.5
8.49,6.13
8.21,3.2
8.91,9.27
9.69,9.43
8.46,6.85
5.78,1.5
6.22,1.93
9.21,5.35
6.05,1.5
5.36,1.5
8.52,7.99
7.01,4.62
9.6,9.26
8.25,6.25
5.45,1.5
9.74,5.91
6.29,2.67
6.69,2.02
7.01,4.46
5.26,1.5
7.48,4.54
5.62,3.29
7.0,6.59
6.75,5.03
8.86,6.92
9.02,8.32
5.77,4.41
6.83,4.94
6.87,3.36
5.76,2.71
8.99,8.64
8.54,4.23
5.95,1.6
6.83,5.17
5.53,1.5
8.14,4.56
5.61,1.5
9.93,9.99
8.9,3.46
6.95,3.96
7.89,6.11
9.56,6.29
7.77,6.74
5.87,1.5
6.89,2.68
9.22,8.51
8.22,5.26
8.25,4.82
9.33,5.91
9.47,10.5
9.6,6.27
5.47,2.92
7.72,3.73
8.7,5.54
8.78,6.97
8.03,2.02
5.83,1.5
8.99,7.33
8.6,5.53
5.43,2.64
7.32,1.55
5.87,2.83
6.69,1.5
5.09,1.5
7.0,1.5
7.75,8.7
8.1,3.9
8.32,4.6
9.18,3.08
6.08,4.98
5.6,2.21
9.26,8.16
5.78,4.46
9.87,8.6
9.21,6.51
7.5,5.21
9.91,10.44
5.49,1.5
6.52,2.93
8.19,6.39
6.75,3.63
9.64,8.26
5.33,1.5
7.75,7.37
7.95,4.78
8.26,6.38
6.28,2.63
6.82,1.58
9.22,8.04
5.97,2.71
9.13,8.37
7.81,5.27
8.81,8.32
8.57,3.37
6.04,1.5
7.84,3.39
9.34,8.13
7.16,4.89
9.83,5.6
7.26,4.64
5.71,1.5
6.95,4.56
9.76,10.84
6.6,5.1
9.34,6.04
9.41,3.66
6.75,3.89
5.42,1.5
8.62,4.72
6.56,2.45
8.91,8.54
7.21,2.57
7.43,4.9
8.89,6.49
6.91,3.27
7.22,5.2
6.88,5.72
6.84,2.57
7.63,4.08
9.04,7.51
6.81,5.02
7.62,5.26
8.35,4.25
6.35,1.5
6.39,1.5
9.67,6.05
8.62,7.03
7.89,5.19
8.24,4.61
5.15,1.5
8.09,4.91
7.55,7.66
7.73,7.68
6.8,6.25
5.41,2.61
5.97,1.93
9.75,9.34
7.04,2.04
7.33,3.29
5.26,1.5
5.19,1.69
8.59,5.33
7.69,5.02
7.54,2.94
6.22,3.45
8.72,5.25
5.84,1.5
5.95,3.87
7.3,6.04
6.43,3.32
6.24,2.5
8.23,5.32
8.25,5.03
9.12,7.07
7.09,1.5
5.37,1.7
6.37,2.72
9.9,5.13
7.98,7.7
8.55,6.07
5.04,1.71
7.59,4.38
5.19,1.5
7.85,6.89
9.6,7.93
9.84,11.96
7.7,3.65
7.29,3.57
9.73,8.32
8.37,4.71
5.32,2.55
7.33,1.89
6.2,3.87
7.35,3.09
7.28,4.08
7.91,6.25
6.78,3.86
5.82,1.5
7.52,3.06
9.15,4.65
8.32,3.09
6.69,5.31
9.68,7.67
9.56,5.64
6.05,4.13
5.2,1.5
8.71,5.82
9.14,5.67
9.84,5.08
9.45,6.71
8.0,3.68
7.65,6.26
5.14,1.5
6.23,2.82
7.3,1.81
8.14,6.72
7.79,4.36
8.71,6.57
6.4,4.37
7.82,5.89
5.44,3.0
7.07,3.19
8.75,5.17
8.47,6.66
9.95,5.84
6.39,5.74
7.49,4.45
6.65,2.25
7.2,1.5
9.28,6.55
8.42,6.28
9.41,8.23
6.02,1.5
9.37,6.64
5.3,1.5
9.44,9.47
6.65,2.81
6.57,2.16
7.56,2.65
9.7,8.6
5.24,1.5
6.76,4.07
9.28,8.02
6.98,5.32
6.0,1.58
7.12,1.5
6.93,5.81
9.58,6.56
8.81,5.4
7.53,4.2
9.94,9.17
7.33,3.04
5.29,1.5
6.31,2.36
7.18,6.18
5.78,2.06
9.74,5.68
8.83,5.31
6.34,2.32
7.95,5.73
8.61,6.38
9.71,8.67
9.41,7.0
7.58,3.54
8.87,7.13
7.81,3.57
7.76,4.57
5.57,2.63
5.63,3.13
7.65,4.23
6.34,2.03
5.11,1.5
8.61,6.11
5.16,3.04
7.98,8.22
7.7,6.22
9.84,8.98
7.42,3.63
5.32,1.5
7.76,4.98
9.21,11.57
9.98,9.0
7.15,4.89
6.6,3.88
9.53,6.8
5.96,1.5
8.08,6.89
7.03,3.31
5.21,1.5
6.74,3.11
6.33,1.71
8.43,5.62
9.74,6.84
6.34,2.14
9.06,6.24
5.28,1.5
7.69,4.43
5.35,1.5
9.67,7.5
8.83,6.03
8.29,2.92
9.12,5.88
8.24,5.98
9.84,5.5
8.57,9.54
9.62,8.5
7.59,3.12
5.59,1.5
7.64,4.87
5.63,1.5
7.96,1.92
7.41,4.18
8.11,4.22
5.05,1.5
5.97,1.5
7.46,6.61
9.75,7.1
6.92,1.94
7.12,5.43
8.57,3.88
8.02,2.49
6.49,2.77
7.05,2.08
6.09,2.01
9.83,5.66
5.65,1.5
6.86,1.5
5.13,1.5
6.11,1.5
8.9,7.37
6.01,1.5
5.4,1.5
7.37,4.27
5.05,1.5
5.42,1.5
9.04,8.32
8.86,4.01
9.58,6.83
9.27,7.59
8.42,5.69
5.26,1.5
8.91,5.24
9.23,5.94
9.0,7.62
7.54,4.13
6.16,2.92
9.23,7.44
8.64,10.82
9.9,9.28
5.78,1.5
6.13,1.5
6.06,2.19
8.96,7.41
5.93,1.5
5.33,1.5
9.99,9.12
5.12,1.5
9.18,8.98
6.83,1.5
9.21,9.38
7.77,6.77
9.51,9.34
9.63,4.78
5.05,1.5
5.38,1.5
6.25,1.5
8.35,5.46
9.44,5.7
7.3,5.77
8.03,6.73
5.94,1.5
9.02,5.56
9.84,8.27
6.34,2.7
7.47,6.23
5.43,2.44
7.8,6.0
7.51,3.32
5.72,1.5
7.21,5.34
6.67,2.14
7.61,6.78
7.93,4.73
5.04,4.0
8.81,8.53
8.57,3.56
6.83,2.77
5.26,1.5
8.77,5.9
9.78,7.76
6.2,1.5
6.62,3.52
5.92,2.7
7.88,3.58
5.77,5.12
6.78,4.07
8.49,4.82
7.8,2.72
6.93,4.46
7.1,3.2
7.81,5.79
5.03,1.5
5.39,1.5
9.41,10.59
5.39,1.78
8.53,6.83
9.6,8.6
6.35,3.88
6.85,1.5
7.84,5.26
9.41,7.27
9.71,8.71
8.7,5.61
5.43,1.5
8.35,7.98
7.05,6.2
7.35,1.5
5.25,2.76
5.96,1.68
8.95,5.25
7.27,2.44
6.51,1.96
6.92,2.83
9.27,5.28
8.74,4.72
6.36,1.5
5.59,1.91
6.26,2.85
9.6,8.92
7.91,5.58
7.67,2.61
7.98,6.43
6.83,2.25
9.04,9.04
7.62,2.4
5.58,1.5
5.65,1.5
7.68,6.73
9.68,7.11
6.54,3.12
9.35,9.66
8.82,3.79
6.24,1.5
5.18,1.5
5.51,1.5
8.64,4.72
6.0,3.0
6.86,2.4
7.51,3.2
8.63,4.73
5.57,1.5
7.03,3.58
7.43,5.22
7.7,3.06
9.09,6.16
5.86,3.73
9.04,6.12
8.46,3.32
7.78,6.97
8.5,6.55
7.06,4.6
5.69,1.5
8.33,7.99
7.62,2.76
8.2,4.55
6.69,2.25
9.53,9.95
7.94,4.02
5.43,2.03
7.25,4.77
8.78,6.66
8.97,4.72
7.47,7.79
9.47,5.24
6.34,3.38
7.05,5.12
9.49,10.56
9.48,9.13
8.43,4.84
9.29,7.48
5.44,3.79
9.32,5.75
6.6,1.5
5.89,1.88
6.2,1.5
7.09,4.46
6.26,4.31
6.6,2.35
5.67,1.5
6.48,3.94
7.86,2.89
7.21,1.5
6.73,3.57
8.73,7.09
9.47,7.28
8.78,5.44
6.66,6.05
8.72,7.44
5.76,3.61
5.65,2.8
6.73,1.52
9.04,6.04
6.23,6.3
5.32,1.5
5.66,1.5
9.29,7.22
8.17,5.06
6.27,1.5
7.78,3.27
7.64,6.66
8.28,6.44
6.17,1.5
9.32,3.76
6.55,6.86
8.47,5.07
5.08,1.5
6.86,2.1
6.76,3.98
7.72,7.11
5.36,1.5
8.95,7.94
6.09,1.5
8.39,9.53
9.02,6.3
7.81,4.91
8.7,6.27
8.31,5.37
6.78,2.71
9.04,3.59
6.47,2.31
7.86,5.54
8.73,5.95
6.89,2.3
6.51,1.95
7.3,4.59
9.09,3.3
9.65,9.24
7.73,2.97
8.31,7.64
9.52,8.5
5.49,1.5
6.16,3.31
8.54,6.21
9.12,6.57
9.29,5.46
7.08,5.01
5.45,1.5
7.19,5.25
6.15,2.3
6.46,1.82
8.86,8.75
5.38,2.12
9.14,1.81
7.14,3.65
7.98,3.64
5.45,1.5
6.69,2.45
5.45,1.7
9.81,9.28
9.04,8.52
7.3,5.29
6.12,2.86
9.67,7.3
6.72,5.44
5.8,1.76
7.82,5.38
9.72,4.97
5.02,2.38
6.19,2.76
9.69,12.3
5.86,1.5
5.57,2.0
7.85,6.43
9.31,6.74
7.39,4.38
9.97,8.34
8.4,6.2
5.37,2.86
9.96,7.8
7.04,3.74
6.44,5.45
7.79,4.1
6.52,2.21
5.43,4.9
5.01,1.53
7.25,3.59
9.18,8.02
7.86,4.99
10.0,5.97
6.43,4.96
6.4,1.5
5.8,5.96
5.82,1.5
6.43,6.13
8.96,5.45
9.53,8.22
9.88,8.91
6.16,3.49
9.41,9.58
6.64,2.55
5.56,1.5
9.35,8.35
8.18,6.18
5.82,1.5
7.15,4.47
6.44,3.27
8.68,5.28
7.27,5.43
9.95,7.5
5.27,1.5
6.78,4.45
7.41,3.09
7.52,3.07
6.58,3.23
8.65,8.27
9.37,7.85
9.69,8.15
9.03,6.66
9.25,8.09
7.75,5.69
9.13,7.62
6.52,2.03
6.99,6.45
6.58,2.82
7.34,1.5
6.43,6.6
9.81,6.34
6.56,4.65
5.49,3.32
7.63,6.87
5.29,1.5
5.55,2.13
6.1,1.5
7.32,7.71
7.17,3.34
9.0,7.63
8.7,6.29
7.13,4.49
6.67,2.56
6.58,4.68
8.87,8.46
5.26,1.71
5.06,1.5
8.98,7.97
7.39,3.79
5.65,3.74
6.18,2.52
9.66,8.23
9.3,7.09
8.55,6.95
7.41,5.69
7.6,7.99
9.88,9.46
9.83,8.1
6.08,3.26
9.06,4.93
5.99,2.76
6.07,1.5
8.38,5.47
7.03,4.53
9.66,5.08
5.45,1.5
7.56,5.35
9.59,8.54
9.52,8.74
5.78,1.5
6.83,2.46
8.1,7.32
5.8,1.59
9.84,9.66
9.57,8.02
5.83,2.3
5.61,1.5
5.43,2.8
9.55,10.69
5.97,1.5
7.08,2.93
7.24,5.04
8.0,7.1
5.36,1.5
6.13,1.5
9.66,5.93
9.54,6.62
8.91,6.82
5.1,1.5
6.64,2.45
8.14,4.7
6.38,2.41
9.55,8.89
8.17,2.89
5.36,1.86
9.55,6.43
9.79,8.28
5.39,2.47
7.66,3.69
6.52,4.11
6.96,2.9
5.9,3.92
7.89,3.3
9.79,8.99
7.52,4.56
5.41,1.5
8.1,5.71
6.7,2.84
9.28,4.68
7.17,1.5
5.96,1.5
5.96,4.19
8.84,7.69
6.33,1.5
8.84,5.96
6.03,1.88
6.61,1.5
7.33,2.98
9.72,9.43
9.66,8.27
6.03,3.14
6.79,1.51
5.75,1.84
7.55,1.5
7.3,5.65
9.5,7.96
9.65,4.19
6.92,6.53
7.46,2.11
9.48,8.75
9.03,6.46
5.02,1.5
6.6,3.64
7.11,2.03
6.15,1.5
6.0,1.5
5.19,1.5
8.22,6.22
6.31,3.01
5.26,1.5
6.15,1.5
9.01,4.79
9.26,6.88
7.42,1.73
7.08,3.68
9.89,8.73
6.0,1.79
6.08,1.6
6.46,3.44
5.86,1.5
6.9,1.53
9.55,7.91
8.08,6.75
7.06,4.83
9.67,9.19
5.24,1.65
6.05,2.59
7.83,9.04
8.08,3.28
5.2,1.5
7.02,4.73
8.25,5.32
8.49,6.08
8.19,6.44
6.6,5.36
5.47,1.5
7.14,5.44
5.64,3.15
9.74,5.0
7.38,5.19
6.59,2.75
8.83,4.96
7.49,2.33
6.55,1.58
9.06,8.53
9.34,7.13
8.37,5.18
5.23,2.31
7.83,5.79
8.82,5.73
5.68,1.5
6.14,3.55
9.41,6.85
5.1,1.86
8.76,8.86
7.37,1.54
7.23,3.57
5.04,1.5
9.1,9.34
6.8,3.09
7.7,4.8
8.39,2.93
8.51,9.05
9.78,7.43
7.66,6.11
7.0,4.33
9.77,8.38
8.21,5.52
6.49,2.42
5.63,3.76
9.21,7.18
6.81,1.5
8.3,5.68
7.35,4.42
5.99,3.4
8.01,4.99
5.3,1.5
7.07,4.56
7.73,5.51
7.18,2.21
8.74,6.47
9.14,7.39
8.86,5.01
5.19,4.1
5.97,2.17
7.68,5.63
9.67,10.24
9.17,6.22
9.21,3.72
6.52,3.66
7.15,2.03
7.35,1.5
5.79,3.78
5.16,1.5
9.73,5.34
6.2,5.48
6.2,1.5
5.42,1.5
9.64,6.64
7.9,4.37
8.34,4.5
9.56,6.34
6.73,5.88
8.11,5.02
5.19,2.04
5.93,2.09
9.16,8.51
8.83,7.76
6.75,2.41
6.88,4.49
7.67,5.68
5.0,3.03
6.21,5.93
6.04,2.61
6.25,4.78
9.03,3.6
6.4,5.3
5.96,1.5
7.52,3.79
9.33,9.27
6.21,2.15
5.39,1.5
6.78,6.09
8.74,6.38
7.75,2.83
9.08,9.03
9.8,8.64
8.96,8.29
8.02,7.19
7.47,2.14
5.2,2.17
9.92,7.64
6.92,3.88
5.76,1.64
8.33,3.36
6.42,1.6
7.93,8.12
7.93,6.22
7.23,3.8
9.18,10.67
6.32,1.7
7.24,3.38
7.69,7.18
8.32,5.33
8.92,5.54
6.97,1.5
8.23,3.55
5.75,1.5
9.66,6.69
6.92,2.82
8.65,9.64
5.1,1.5
6.03,4.42
7.44,4.1
9.39,8.76
7.64,5.06
9.65,3.48
7.42,3.54
7.45,4.06
5.6,1.5
9.01,7.37
6.23,5.62
9.5,4.15
9.55,5.49
9.72,5.1
7.6,5.08
8.39,6.27
8.89,4.45
5.66,2.99
8.0,7.83
5.17,5.02
7.49,4.2
5.77,1.5
5.91,3.25
6.83,5.71
7.16,5.3
8.12,8.09
5.37,1.5
7.52,3.74
5.91,2.07
7.87,3.84
8.19,6.25
7.78,6.85
8.69,8.9
6.68,3.98
8.83,7.23
7.16,4.55
7.42,2.14
8.24,6.08
5.09,1.5
8.27,6.64
8.09,4.73
6.55,3.76
5.43,1.5
5.45,2.89
9.62,8.95
8.45,7.25
5.64,1.5
6.78,5.14
7.96,6.4
9.18,6.58
5.22,1.5
6.18,3.3
9.45,6.87
5.05,1.66
6.01,2.72
9.8,9.91
8.07,6.9
6.31,3.36
5.33,1.5
5.14,1.5
6.22,2.19
9.41,10.97
7.08,4.8
8.6,9.94
9.59,7.85
7.04,3.31
5.96,2.43
7.59,4.78
9.54,6.09
9.02,3.93
5.33,1.89
8.46,7.63
7.86,8.26
9.54,6.07
5.61,1.5
7.67,2.97
9.4,9.92
7.05,5.02
7.41,3.18
5.35,1.5
6.39,4.06
6.62,3.64
9.73,9.95
6.41,1.85
7.3,1.5
8.36,4.75
5.81,2.8
7.43,8.42
8.69,6.78
9.33,10.84
8.13,7.12
8.35,4.38
5.63,2.17
9.73,9.77
5.66,1.5
8.87,7.77
6.32,4.64
9.67,9.44
8.6,6.48
8.77,6.74
6.1,1.8
7.22,2.11
8.09,3.59
8.85,5.92
5.52,1.67
9.81,8.71
9.45,6.45
6.35,4.23
9.11,7.01
7.59,4.44
7.31,5.17
6.57,2.67
7.9,4.78
8.65,7.81
7.05,3.12
8.15,3.91
8.5,6.78
8.56,5.01
5.26,1.5
9.3,7.26
7.29,1.5
6.31,3.87
6.21,2.06
7.42,6.03
9.43,6.94
6.89,3.98
8.75,7.36
5.48,1.5
7.38,4.7
9.96,5.59
8.85,7.9
6.05,2.35
7.51,3.61
6.17,4.09
7.05,1.5
8.9,5.85
8.86,7.39
6.14,1.53
9.61,5.71
7.96,4.38
6.9,1.5
7.51,4.69
8.03,4.47
7.8,3.92
7.43,4.37
7.52,4.28
5.88,3.01
9.06,5.8
7.71,2.59
5.66,2.33
8.83,7.33
9.66,6.8
9.74,10.39
6.85,3.66
5.68,3.6
7.59,6.59
5.56,2.39
9.67,5.39
5.92,1.95
6.26,4.51
7.03,1.5
6.92,3.39
8.97,7.08
7.28,3.29
5.85,3.05
6.34,3.46
7.55,2.74
5.74,2.91
8.06,4.85
7.83,2.93
8.57,5.92
9.69,8.79
9.56,8.56
9.73,5.64
6.22,3.44
5.66,4.41
6.51,1.5
9.48,9.41
9.86,8.12
9.3,7.25
5.55,3.62
9.74,11.24
7.12,3.8
5.05,1.5
7.21,5.71
5.23,2.46
7.72,1.56
6.69,3.64
7.37,3.99
8.07,5.34
9.34,6.69
8.31,6.22
7.17,3.44
9.1,6.84
9.53,10.13
5.6,1.5
7.66,2.12
6.42,2.92
5.24,1.5
8.34,6.39
9.31,6.18
5.81,1.5
9.06,4.89
9.27,8.3
9.57,8.27
6.33,1.97
9.52,5.05
6.6,1.5
7.76,6.06
5.25,1.5
5.22,1.5
8.6,9.98
7.22,3.97
6.28,1.51
5.95,2.65
8.35,4.52
5.0,3.3
9.03,9.98
5.4,1.5
5.96,1.5
6.93,3.08
7.42,3.62
6.77,3.88
6.6,4.7
9.82,7.56
8.21,7.13
5.12,1.81
7.15,2.81
9.38,5.42
6.51,3.21
5.47,1.5
8.79,7.0
8.03,3.02
7.85,5.6
5.27,1.5
5.7,1.5
8.11,5.9
6.04,3.77
7.52,2.75
7.72,4.45
6.42,1.5
9.74,8.49
9.21,6.17
8.61,3.38
5.39,1.5
5.53,3.84
7.46,5.49
5.8,2.32
9.89,8.01
5.79,2.15
7.44,4.33
6.82,4.41
8.2,6.26
5.65,1.5
7.15,4.43
6.37,1.5
9.44,6.82
5.2,1.5
9.57,6.12
9.16,4.27
6.49,3.34
8.95,6.21
5.16,3.16
9.83,5.95
7.63,6.34
6.52,3.56
6.81,2.8
5.33,2.39
9.95,8.56
5.2,2.13
8.27,4.41
7.21,3.76
9.74,8.97
6.23,4.7
7.66,3.75
7.41,1.5
8.51,4.59
5.34,1.5
5.97,2.12
6.07,2.91
8.69,4.99
5.95,3.68
7.87,2.84
6.08,4.45
9.31,9.86
9.71,5.41
7.59,4.02
6.76,3.6
6.17,1.5
5.25,1.5
6.34,4.15
8.27,6.08
7.67,6.8
9.72,8.81
6.98,3.09
8.47,6.73
7.45,3.77
7.56,4.28
6.34,2.9
7.27,2.66
7.35,5.04
8.53,4.26
9.7,5.52
6.65,3.41
5.21,1.5
7.48,5.9
7.72,1.5
5.84,2.83
8.8,4.24
9.92,6.81
9.73,7.77
5.99,5.81
9.38,7.9
8.52,3.21
7.27,5.13
7.7,5.25
9.25,6.35
7.4,5.7
6.87,1.5
7.47,4.87
7.9,5.49
5.95,4.14
9.5,7.74
8.37,2.68
8.17,7.01
5.5,1.88
8.02,3.34
5.6,1.58
5.39,3.06
7.64,2.62
7.01,5.8
7.94,3.85
5.45,1.5
7.15,2.91
5.87,4.33
9.94,6.51
7.81,3.22
8.44,6.22
6.63,4.53
5.47,2.53
9.88,7.59
6.43,3.6
7.12,2.54
8.25,8.71
5.12,2.78
9.05,9.48
7.68,6.5
6.39,3.51
5.31,1.5
5.81,2.82
9.48,8.06
8.43,6.99
6.25,4.34
5.33,2.17
8.45,4.0
7.86,4.03
7.02,3.34
6.82,4.24
6.08,1.91
8.35,4.88
9.85,8.68
5.88,1.5
7.99,5.36
7.12,1.5
7.23,2.6
6.27,3.28
9.13,4.35
7.43,5.52
7.72,7.1
6.52,2.66
5.91,6.53
5.43,3.28
8.57,4.99
5.98,3.71
8.45,5.26
6.95,2.21
7.08,3.0
7.35,5.55
6.84,1.94
5.5,1.5
6.55,1.5
8.32,5.73
8.33,5.05
6.43,3.97
7.3,1.5
5.97,2.32
6.05,1.5
5.12,2.88
9.48,11.83
6.05,1.7
6.14,1.5
6.4,2.96
5.64,1.7
8.2,8.58
5.38,3.92
5.67,3.33
8.22,3.91
6.7,3.96
8.54,5.51
7.79,4.59
6.28,1.5
8.25,6.82
5.58,1.73
7.68,5.54
7.19,2.58
6.34,1.61
8.02,4.91
9.36,4.14
9.99,9.51
8.04,4.68
7.02,1.5
6.13,4.75
6.29,1.5
7.4,2.65
6.84,4.83
9.57,10.75
6.84,1.5
6.87,2.07
6.92,2.46
9.18,8.2
8.25,7.0
8.07,4.77
6.67,5.2
9.09,6.59
5.19,1.5
9.35,5.3
7.56,4.2
6.99,3.33
7.49,3.15
8.34,6.01
5.06,1.5
9.36,6.52
7.23,4.17
6.71,5.45
5.69,2.03
7.2,5.13
7.48,4.98
7.02,5.58
8.39,3.94
7.1,2.66
9.81,7.01
8.0,8.88
9.04,8.75
5.55,2.54
6.99,3.55
6.68,1.84
7.85,7.04
9.31,7.26
5.39,2.43
5.36,1.5
9.25,8.59
6.06,1.79
8.34,4.78
7.71,2.88
9.16,4.46
5.63,1.5
5.65,1.52
7.78,4.56
9.73,8.92
7.07,6.38
6.63,3.25
8.03,1.5
9.65,8.45
9.18,7.8
9.98,7.76
5.11,3.05
5.56,2.3
8.05,2.93
9.1,8.28
6.43,3.62
6.2,4.21
8.93,10.52
5.28,2.52
6.85,4.27
7.53,5.73
7.8,4.52
8.64,4.86
6.77,3.04
8.06,6.01
7.93,3.8
7.74,7.64
8.2,7.91
6.3,1.5
5.42,3.51
5.6,1.5
6.12,1.5
7.5,6.85
9.2,8.19
8.51,9.82
8.95,4.43
6.75,1.5
7.02,4.04
6.97,4.68
5.96,1.5
5.31,1.5
7.95,5.65
9.95,7.59
5.83,2.42
5.23,1.5
8.9,8.11
6.26,1.5
9.15,9.92
8.52,5.87
9.73,8.71
7.04,4.65
8.31,3.74
7.32,5.95
8.15,4.26
7.25,1.66
5.94,4.98
7.54,5.6
7.64,8.18
9.05,7.53
8.68,6.78
8.32,6.79
5.57,1.62
8.6,4.02
7.5,3.57
9.47,8.08
9.6,6.54
5.28,1.5
9.1,8.27
5.19,1.5
6.84,5.52
7.71,5.12
5.74,1.5
8.73,5.99
5.04,1.5
5.84,1.5
7.9,3.21
8.57,4.71
9.58,8.96
8.53,4.54
8.36,7.74
6.97,4.62
5.01,2.99
5.6,6.51
7.67,6.56
8.38,6.66
7.09,2.15
8.65,4.59
7.61,4.95
5.37,1.5
5.96,2.91
9.2,4.68
8.62,7.24
9.47,5.96
5.59,2.01
9.95,7.73
6.05,1.5
5.06,2.56
9.99,11.35
6.41,2.65
8.34,6.35
5.88,1.61
7.9,4.77
9.52,8.69
6.6,3.38
8.35,7.54
5.94,2.57
8.12,5.42
6.68,2.03
6.06,1.57
6.57,3.76
5.89,1.5
9.51,9.94
6.99,3.12
6.23,1.59
7.24,2.25
6.6,4.06
8.72,6.47
9.86,11.87
7.19,1.51
9.31,5.0
7.83,5.07
5.79,1.5
8.45,7.09
7.57,5.06
8.25,6.28
9.45,10.11
7.2,2.18
9.51,8.42
8.75,6.36
7.44,5.49
8.02,5.92
6.63,1.67
9.92,7.23
8.34,6.43
5.22,1.5
6.63,2.25
8.12,5.71
5.28,2.26
5.12,1.5
7.25,2.48
6.66,1.5
7.19,3.83
6.31,1.5
5.82,2.49
8.45,8.59
7.57,3.3
6.0,1.64
6.6,5.95
7.96,8.48
5.36,1.5
5.74,1.87
5.37,1.83
9.06,8.06
8.76,8.33
8.77,7.07
8.58,5.4
8.35,7.78
7.38,5.38
8.21,7.89
5.19,1.84
8.11,2.96
8.89,7.1
7.5,6.61
6.79,4.02
6.39,3.65
8.21,8.41
8.46,4.24
9.35,9.02
6.71,2.91
8.85,6.67
7.81,5.32
9.41,11.18
7.64,4.18
7.59,3.8
7.89,5.85
8.75,7.33
9.82,8.36
5.37,2.04
5.27,4.77
9.69,7.64
7.65,5.09
8.07,4.89
7.41,3.83
5.47,1.85
8.84,8.15
8.74,5.59
6.56,2.61
6.53,1.97
9.19,7.24
5.36,2.89
9.41,8.78
6.28,2.99
7.96,3.49
9.68,6.29
8.39,9.21
7.07,4.77
8.45,7.45
6.72,4.96
6.39,5.57
9.98,7.43
8.75,4.8
8.22,4.52
6.78,4.68
5.25,1.5
5.16,2.31
7.77,4.61
8.81,7.27
7.69,5.41
9.2,6.97
5.17,2.65
6.83,5.5
6.19,3.45
7.24,5.4
5.36,3.79
9.77,8.21
6.12,1.5
9.61,8.01
7.13,3.48
9.93,4.98
7.77,6.38
9.65,7.3
5.03,2.43
8.74,6.1
9.52,6.0
5.7,2.36
5.48,1.84
7.12,3.51
9.67,7.91
7.71,3.43
7.64,4.46
5.71,1.5
5.0,2.26
9.05,7.34
5.44,1.5
8.17,7.94
9.57,7.75
6.04,3.1
8.33,5.11
5.39,3.68
8.02,5.22
5.82,1.78
8.68,6.48
6.51,3.73
7.32,5.78
8.0,5.57
5.86,2.48
8.71,8.27
6.51,3.87
8.31,4.76
5.79,1.5
8.44,4.8
5.64,2.38
7.13,4.71
6.24,4.25
8.74,4.29
6.31,2.3
9.41,5.93
9.46,4.3
5.98,1.5
8.07,6.21
5.44,2.74
6.96,2.05
8.57,5.12
8.3,2.28
8.12,5.34
6.41,1.5
6.89,6.46
5.51,2.07
8.6,6.67
7.52,3.95
8.54,4.61
6.24,1.5
6.62,1.85
6.67,2.82
5.13,1.5
6.71,4.32
9.02,6.23
9.49,6.36
7.59,7.99
7.28,1.5
5.15,1.5
9.4,6.81
5.07,1.5
9.72,5.96
7.45,4.03
6.71,2.46
9.62,7.5
5.12,1.5
7.91,2.23
7.74,5.2
6.1,1.77
7.14,3.49
8.26,5.98
8.64,6.44
5.0,1.5
9.68,6.33
5.82,4.35
6.17,1.5
6.32,2.47
5.19,1.5
5.62,1.5
9.93,7.42
6.58,2.63
5.58,1.5
5.53,1.5
8.6,4.35
9.27,8.35
6.28,5.52
5.1,1.5
6.12,3.39
5.28,1.5
5.52,2.27
7.16,4.67
6.15,2.89
7.58,3.86
6.27,1.97
9.7,7.05
9.53,8.45
7.83,2.53
6.77,2.95
6.91,4.89
7.06,4.26
8.64,7.38
7.26,5.71
9.28,7.52
9.72,7.26
6.68,2.39
7.8,3.45
5.48,1.5
6.0,3.28
7.07,3.68
6.03,4.62
9.38,8.7
5.79,1.5
7.28,4.99
8.03,3.89
8.46,7.6
6.92,3.32
9.35,6.32
7.84,4.54
7.2,2.14
5.34,1.5
7.32,3.1
9.1,9.54
8.07,7.52
9.16,4.92
7.47,6.09
5.59,1.5
5.07,1.5
6.52,1.5
8.49,7.95
8.95,3.97
6.48,3.4
7.48,4.12
7.11,4.98
7.05,2.8
6.16,3.51
5.68,2.29
5.98,1.95
5.28,2.38
5.99,1.79
5.05,1.55
8.14,4.51
6.58,3.81
9.87,7.51
5.97,1.5
6.73,1.5
6.79,3.87
5.04,2.56
9.2,6.22
5.16,1.65
9.7,9.15
9.46,7.89
7.68,4.93
7.72,4.3
8.27,6.72
6.94,2.52
8.24,6.92
5.22,2.7
5.27,1.91
7.29,2.83
7.75,4.88
9.44,7.57
5.52,1.5
9.11,7.22
6.05,3.31
6.97,3.06
6.58,3.21
7.0,3.79
5.75,3.51
7.52,4.5
9.01,6.11
7.21,1.91
7.45,4.35
9.24,6.48
8.53,6.09
7.45,3.09
6.29,1.89
9.42,5.05
7.89,4.84
6.11,3.27
6.35,3.73
9.02,3.85
5.22,1.5
9.96,9.95
5.65,1.5
8.98,6.17
6.97,6.1
7.46,4.1
9.4,4.14
7.06,2.19
7.69,4.05
5.25,4.52
5.01,3.14
6.22,3.38
8.4,5.03
5.61,3.67
5.57,1.5
7.05,6.02
8.24,6.0
8.56,6.94
5.89,3.84
5.4,1.5
9.7,5.49
6.3,4.47
9.27,6.07
9.32,6.83
8.86,9.0
5.84,1.5
9.11,7.41
8.85,8.92
7.98,6.37
6.69,1.75
6.31,1.65
5.61,1.5
7.55,3.75
7.93,5.43
6.8,4.21
7.38,5.39
6.82,2.42
8.21,5.17
9.51,4.79
5.82,2.26
6.91,5.23
5.7,1.5
8.12,5.95
8.64,5.48
9.66,8.72
6.39,2.8
9.75,9.3
5.32,1.5
8.02,6.36
5.29,1.64
9.47,7.54
7.65,5.36
8.35,4.81
9.16,8.46
5.75,1.5
5.19,1.5
9.39,6.89
6.57,2.58
5.64,3.26
7.34,3.4
7.99,2.35
5.15,1.5
6.37,1.5
5.16,1.57
7.1,1.5
9.48,4.94
9.91,6.1
8.19,8.16
5.81,1.5
9.53,8.27
7.58,5.56
5.77,3.9
9.61,8.95
8.79,7.26
8.66,7.38
8.55,4.99
6.0,2.76
6.06,3.28
8.44,5.0
6.1,1.5
7.19,3.22
8.91,7.72
8.92,6.4
7.27,4.26
8.96,5.33
9.19,5.62
8.27,4.34
6.14,3.19
6.37,1.5
6.57,3.43
5.58,1.5
6.37,1.5
6.05,1.5
7.28,2.78
9.54,7.83
5.52,1.91
8.6,6.91
8.44,6.14
5.48,1.5
9.61,9.92
7.84,5.1
6.82,3.84
8.78,5.77
6.29,3.71
8.47,5.82
5.2,1.51
9.2,7.5
7.24,6.14
8.18,5.01
6.11,1.5
8.39,3.69
8.86,9.13
7.37,4.12
8.09,6.36
7.28,2.31
9.47,6.25
7.49,2.91
9.21,5.1
9.01,6.74
7.05,5.19
6.15,3.49
7.03,5.25
9.13,4.43
6.14,2.72
7.62,5.03
9.03,5.07
6.77,3.44
8.21,5.47
6.23,3.57
5.55,1.54
8.97,6.71
5.49,3.14
6.36,1.5
9.28,7.65
6.73,1.5
9.87,7.21
9.9,9.04
6.34,1.5
5.2,1.5
8.53,8.56
7.25,2.65
5.5,4.08
8.54,6.65
5.16,1.5
9.35,6.76
5.69,4.1
5.64,1.5
5.88,1.56
9.8,10.25
8.47,6.88
9.01,7.42
6.99,4.76
6.68,6.49
6.17,2.7
7.4,4.53
7.76,5.26
8.16,4.36
6.29,4.38
9.74,9.38
5.85,3.61
9.83,9.68
5.07,1.58
7.41,4.6
6.67,1.96
7.25,3.55
7.85,7.1
7.18,6.69
7.07,1.62
8.66,6.31
8.43,6.8
9.17,4.46
6.25,1.75
8.05,6.27
7.93,7.27
6.85,1.5
7.43,4.45
6.57,3.59
5.71,2.96
6.07,3.0
5.53,4.44
8.42,6.69
8.3,7.56
9.75,6.55
8.65,5.66
5.26,1.5
9.42,7.58
9.31,8.39
7.22,4.74
7.93,3.91
9.88,8.47
7.66,5.43
9.53,6.15
5.42,1.5
5.96,2.54
7.2,4.68
7.92,6.93
9.08,6.16
9.94,9.93
6.94,1.5
5.24,3.93
9.01,7.35
8.02,5.46
5.99,1.64
7.47,2.46
8.71,4.88
8.85,8.5
7.5,3.03
6.53,1.5
9.87,5.54
8.32,3.98
7.04,3.45
6.4,4.02
8.66,5.13
6.21,1.5
5.86,2.66
7.65,5.24
6.45,4.86
8.14,5.81
5.59,1.5
8.27,5.68
6.42,2.86
5.0,1.5
5.63,1.5
9.67,6.51
9.34,6.32
6.17,3.8
8.89,7.85
8.04,4.46
9.85,9.69
6.87,3.52
8.41,3.55
5.32,1.5
6.98,6.1
9.82,8.64
7.69,2.44
6.44,1.5
5.6,1.5
8.52,6.18
8.22,5.04
6.87,1.7
9.75,5.64
5.11,2.73
6.52,1.5
9.61,6.17
6.6,5.13
6.26,3.55
7.67,5.47
9.12,7.06
5.52,1.53
9.72,5.98
8.98,4.94
5.91,1.5
8.56,7.79
6.92,2.83
7.01,3.96
8.92,7.6
9.81,9.17
5.63,1.5
7.1,3.66
7.4,3.62
6.88,1.71
6.82,1.71
5.26,1.5
8.43,3.65
7.18,1.5
5.97,3.59
9.08,7.74
9.01,7.24
7.43,7.24
6.49,1.5
8.19,7.84
6.44,3.23
6.18,3.47
8.65,6.08
5.2,1.5
5.47,1.5
5.03,1.5
5.76,1.5
5.34,3.94
9.98,7.73
6.44,3.67
5.75,1.5
6.2,3.14
9.68,10.2
7.6,4.41
6.82,4.04
9.37,5.58
6.97,3.63
6.68,2.14
6.04,2.93
6.89,2.42
6.58,4.04
8.39,5.2
6.45,2.83
7.89,6.36
5.33,1.5
5.96,3.51
7.04,4.83
9.68,8.89
6.89,5.79
8.32,4.8
6.28,4.13
5.64,4.45
5.29,1.5
6.53,4.07
5.79,1.5
5.87,1.5
8.8,5.34
5.08,1.5
7.79,3.67
6.9,4.76
7.53,3.46
7.81,6.26
6.57,3.0
6.48,5.27
8.67,7.55
9.36,8.58
5.96,2.94
5.49,2.15
9.49,10.29
6.75,3.94
7.76,5.18
6.8,4.08
5.63,2.69
7.95,4.76
7.63,3.11
6.01,4.12
7.26,7.09
8.98,5.97
7.95,3.8
5.48,2.95
7.74,6.08
8.51,6.55
8.96,7.14
8.15,4.34
5.76,2.25
8.55,6.68
8.39,4.22
5.12,1.5
7.06,5.08
6.66,2.47
8.35,6.37
6.08,2.3
7.95,4.87
9.57,7.46
8.99,4.94
9.61,8.66
9.89,7.62
5.05,1.5
8.11,7.88
7.06,4.6
9.3,4.96
6.26,3.92
9.91,8.23
8.07,3.27
8.97,5.4
5.43,1.76
5.92,1.5
8.79,5.48
5.11,1.5
9.08,5.23
5.07,1.5
8.29,6.06
6.83,1.73
8.06,5.84
8.48,7.57
6.71,2.42
5.54,1.5
5.35,2.43
7.94,5.44
7.6,2.1
8.71,7.48
7.55,2.71
7.11,3.09
6.99,5.24
5.13,1.5
6.68,3.86
9.88,8.07
9.37,6.86
6.65,1.81
7.94,5.81
9.24,7.31
7.21,3.74
5.09,1.5
5.37,5.36
7.55,2.14
9.85,10.85
8.47,7.61
5.35,1.95
5.95,1.5
8.86,9.91
9.21,4.23
8.09,3.41
8.22,8.36
5.14,1.5
9.14,10.04
8.94,4.75
6.3,1.5
8.54,4.46
6.07,3.33
5.2,1.5
6.01,1.67
5.89,4.22
6.69,5.85
7.09,3.23
7.54,1.61
7.38,1.5
6.35,3.53
5.15,1.95
8.03,4.78
6.98,4.26
6.49,2.13
9.33,6.94
8.73,10.13
9.29,4.42
7.47,3.73
5.65,1.5
8.48,4.19
6.03,1.5
7.21,4.21
5.33,1.73
9.13,8.6
5.63,1.77
9.52,3.9
9.32,5.73
7.32,2.45
8.72,5.23
8.1,6.27
9.02,6.7
7.16,4.76
8.93,5.81
7.31,6.18
9.7,8.02
7.43,5.56
7.31,4.54
8.93,6.45
9.11,7.55
7.77,4.82
5.9,4.75
7.34,5.08
9.84,8.02
8.76,6.94
9.06,8.79
5.16,2.16
7.34,4.63
8.23,3.34
9.15,4.97
5.25,1.5
9.26,9.94
7.74,5.31
5.99,1.5
6.59,1.5
6.41,4.73
7.65,5.59
5.26,2.18
5.79,3.09
9.06,5.26
5.66,1.96
6.17,4.6
7.27,3.77
7.59,5.19
8.82,6.93
7.24,5.8
8.95,6.0
8.09,4.98
5.57,2.99
5.78,3.2
7.19,6.13
6.98,4.75
8.72,8.35
7.9,3.83
6.94,3.5
5.85,3.46
6.13,1.67
7.88,5.37
7.12,6.23
7.57,5.62
5.85,2.25
8.31,6.33
9.26,7.05
6.29,3.86
7.46,4.85
9.88,7.31
6.67,4.44
7.98,5.99
5.45,1.5
8.03,5.3
5.45,3.14
9.8,5.56
8.58,5.72
8.94,5.26
8.52,6.96
7.95,5.87
7.25,3.06
9.29,5.89
9.78,7.91
7.5,3.36
9.66,8.37
7.92,5.93
7.69,5.2
7.27,5.89
6.05,6.46
5.02,1.5
6.21,4.39
7.55,4.06
6.9,5.34
7.24,5.53
9.9,11.73
6.75,4.41
7.26,3.61
5.67,3.4
5.24,1.5
8.88,5.48
7.85,4.98
8.8,8.5
5.75,4.63
7.86,3.39
6.27,3.15
6.14,2.0
5.06,1.5
5.65,1.75
6.55,1.7
5.58,1.5
9.93,6.56
6.54,1.5
5.65,1.5
6.0,1.5
7.94,5.08
5.32,1.5
9.31,8.54
9.81,9.62
6.23,2.48
7.25,3.56
5.11,1.5
8.2,4.19
7.07,3.06
6.35,3.75
6.03,1.5
8.27,6.61
7.08,2.99
5.9,3.18
8.45,2.94
7.83,4.67
9.29,7.53
5.59,1.5
8.93,4.9
8.37,4.87
5.58,2.43
8.47,6.62
7.21,4.19
9.72,7.37
5.71,1.5
8.21,5.08
6.91,2.0
9.78,6.52
6.65,4.62
9.81,7.06
9.51,7.58
6.35,1.86
9.02,6.72
9.98,8.12
6.26,1.5
7.18,1.5
7.6,6.74
6.47,1.5
5.08,1.57
6.1,4.68
6.41,3.48
7.22,3.08
5.86,1.5
9.37,6.33
8.52,6.78
5.43,3.61
8.25,4.5
8.27,5.07
9.78,9.21
5.02,1.5
6.24,3.53
9.64,8.95
9.66,7.9
8.6,6.22
8.83,9.04
5.46,2.17
7.57,5.89
6.16,1.5
5.91,3.72
9.05,8.83
5.68,1.5
7.34,5.08
9.69,7.47
5.93,1.5
9.89,9.54
9.97,10.62
7.78,4.39
5.85,1.56
6.58,2.16
7.12,7.91
6.55,1.5
6.4,4.43
9.86,7.76
5.77,1.5
8.67,6.86
5.0,1.5
7.98,4.41
9.58,6.29
6.44,1.5
5.93,2.94
8.26,4.11
8.56,4.89
8.44,5.25
6.6,6.82
6.26,1.5
9.78,9.26
9.62,6.23
7.29,3.21
9.23,7.56
7.26,4.26
7.12,2.64
5.78,1.5
7.13,5.6
7.69,5.26
5.11,1.5
7.22,4.3
8.91,5.13
8.4,4.65
8.18,5.91
9.55,6.97
5.09,1.5
7.79,5.61
8.94,5.07
7.71,7.6
6.62,2.68
5.68,1.5
9.44,6.6
7.35,3.63
9.39,8.81
7.93,6.86
8.37,9.22
9.02,7.56
8.3,6.38
6.99,2.82
7.57,3.94
9.02,8.14
6.87,4.89
6.94,2.56
5.48,2.29
9.57,9.74
5.46,1.5
8.24,6.43
7.07,2.27
7.03,1.5
8.4,6.77
5.34,1.5
7.97,5.22
8.86,11.32
9.14,8.74
5.85,2.47
9.49,8.56
8.28,4.14
9.41,8.39
7.43,4.3
7.71,6.02
9.6,7.48
9.5,5.93
7.24,3.61
6.37,3.24
6.97,2.52
6.94,3.85
6.43,2.13
6.34,3.65
9.31,4.77
5.35,1.67
8.39,5.32
5.86,1.5
6.72,2.6
5.31,3.43
6.35,1.5
8.84,7.21
9.43,7.45
6.11,6.18
7.32,3.93
7.35,2.79
9.37,6.2
8.81,8.61
7.57,3.76
8.35,4.5
9.24,3.36
5.05,2.06
7.01,5.3
9.54,9.72
8.7,4.49
7.71,6.55
7.65,1.5
6.74,2.79
7.6,5.33
8.28,5.63
7.09,4.43
8.57,6.21
9.31,3.12
5.77,2.82
7.26,4.0
7.04,2.66
8.44,4.35
6.25,4.59
8.2,8.35
9.39,8.48
7.09,3.53
9.56,2.93
9.97,9.7
5.53,2.04
6.17,2.22
9.75,9.9
9.79,9.19
5.49,1.99
5.07,1.5
5.81,1.82
9.98,9.6
5.9,1.5
7.51,5.04
9.24,5.69
5.1,3.07
8.02,6.57
6.39,1.5
9.31,6.51
6.42,2.15
8.43,8.69
8.37,9.2
6.11,3.27
5.17,3.44
7.05,4.38
6.45,3.83
9.04,8.79
9.0,7.09
7.29,4.26
8.03,7.39
8.02,6.95
9.14,6.8
7.13,1.5
6.38,2.54
6.33,1.5
7.68,3.92
7.25,2.8
7.2,2.79
5.46,2.67
8.59,6.81
6.07,3.3
5.98,3.02
7.06,4.46
6.14,1.5
7.92,5.71
6.86,1.5
7.24,5.08
7.69,2.29
6.02,2.25
5.78,2.82
9.4,7.03
7.17,4.95
7.06,5.28
5.18,1.55
7.49,5.58
7.77,3.63
7.79,5.24
8.54,6.34
5.89,2.48
6.26,2.13
9.05,6.23
9.74,6.88
5.68,1.53
7.49,3.3
6.07,3.96
5.3,1.5
6.63,2.95
5.72,3.92
8.55,8.52
7.67,6.93
5.72,1.5
5.05,1.89
9.04,5.82
5.88,1.75
8.03,4.16
6.68,1.9
7.93,3.8
6.58,2.66
5.43,1.5
6.11,3.67
5.94,1.76
7.14,4.34
8.29,6.4
6.32,3.01
5.06,1.5
7.59,4.11
8.03,7.21
9.81,10.26
7.95,4.85
7.36,3.21
7.87,5.37
9.64,7.9
9.14,10.18
6.61,1.5
6.19,3.73
6.31,3.91
7.52,2.09
8.72,5.66
7.52,3.51
5.34,2.14
8.62,5.55
9.03,7.48
6.45,2.54
8.32,7.88
7.13,4.78
9.45,6.52
9.23,7.94
7.63,5.62
8.46,4.4
9.42,9.2
7.48,3.37
6.57,1.5
8.77,4.46
6.1,1.5
6.94,5.12
9.33,6.65
8.62,7.47
7.02,1.5
6.07,3.09
6.78,3.12
6.42,3.13
5.88,3.3
8.72,6.11
6.26,6.64
7.27,6.86
6.93,2.85
9.91,7.74
6.96,3.49
5.4,1.5
5.45,3.26
7.95,3.19
8.0,5.69
7.09,1.5
7.16,4.9
5.27,1.5
7.58,6.65
7.52,2.94
5.75,3.56
5.52,1.5
5.62,1.5
5.51,1.5
8.05,4.74
5.98,1.5
6.26,1.5
5.87,2.06
9.79,9.48
9.27,6.41
6.15,1.96
6.64,5.66
6.05,2.62
7.46,5.93
5.1,1.5
8.36,3.55
7.62,5.38
9.49,6.0
5.82,2.15
9.02,8.02
8.96,4.11
5.64,1.5
6.99,5.4
5.85,1.5
6.27,1.83
6.32,3.29
7.78,4.83
7.06,4.58
9.74,7.19
5.63,2.16
9.87,6.06
6.15,3.04
8.86,8.99
6.69,2.86
5.72,3.18
9.29,6.22
6.54,3.67
8.29,6.43
7.83,5.72
7.36,5.07
7.48,5.65
8.66,7.68
5.44,2.4
8.34,5.05
9.48,10.11
5.29,2.28
5.7,2.09
8.58,7.08
7.19,4.88
7.02,2.99
5.68,1.5
7.53,5.36
5.63,3.73
7.38,7.53
8.82,6.35
6.29,3.11
7.4,5.0
9.96,7.54
8.43,6.09
9.21,7.84
7.07,6.12
8.84,6.96
5.2,2.08
5.61,1.57
6.02,5.28
7.01,5.18
9.23,6.76
6.73,1.63
8.27,5.49
8.55,5.24
7.93,3.47
6.79,2.48
7.89,4.28
6.71,2.88
5.42,1.5
9.96,7.26
5.64,1.5
5.36,1.5
9.39,9.41
6.51,6.24
8.25,7.11
6.65,1.8
6.96,3.73
6.31,3.76
6.72,4.57
7.05,5.36
8.6,5.46
7.56,4.74
9.72,10.59
5.21,1.5
7.52,2.17
7.92,7.13
9.6,6.78
5.25,1.5
7.87,7.1
9.27,9.82
6.21,3.58
9.38,5.55
5.1,1.5
8.66,6.75
9.67,7.8
8.29,8.1
7.2,3.26
5.22,1.63
9.6,10.9
7.35,4.09
5.14,2.68
8.45,6.66
7.41,4.81
5.62,2.42
6.07,2.96
5.32,1.5
7.87,2.73
8.11,6.69
7.53,5.88
9.09,7.48
9.31,5.12
8.08,2.28
5.06,1.5
8.48,3.2
7.09,1.5
7.83,5.55
8.25,3.56
6.75,3.81
9.59,5.94
5.67,1.5
8.36,3.69
5.02,1.5
9.62,7.65
5.56,1.5
5.47,1.5
6.67,2.17
6.87,3.02
6.07,2.32
7.93,2.89
7.21,4.55
5.17,1.5
6.6,1.5
9.05,7.57
8.45,7.47
8.62,7.11
8.49,8.96
6.55,3.05
5.5,1.5
6.36,1.5
9.16,5.01
9.9,8.44
7.47,3.37
5.05,2.61
5.7,1.5
6.61,4.08
7.89,3.73
5.38,1.5
9.72,8.57
6.83,2.28
9.56,6.79
8.9,6.5
8.78,9.05
8.03,3.34
8.13,5.39
8.19,5.94
8.14,6.4
7.77,4.01
9.93,7.03
8.66,6.74
8.88,5.44
9.36,10.38
6.08,4.28
5.42,2.4
7.41,4.45
7.57,1.5
9.15,8.48
7.22,3.48
7.85,5.65
7.64,1.78
5.19,1.6
8.08,3.59
9.14,5.88
5.79,3.1
7.97,4.2
7.97,7.53
5.82,1.5
5.62,2.26
9.9,6.52
6.97,5.12
6.14,4.19
5.86,2.74
8.34,5.65
8.05,2.62
8.22,5.58
5.44,3.2
9.47,8.85
6.95,1.5
6.57,1.5
7.31,6.4
6.95,3.81
9.32,5.12
9.65,6.44
6.52,2.01
9.32,5.86
8.91,5.21
9.65,12.08
6.23,1.5
7.88,4.79
6.37,5.3
9.12,7.03
5.03,1.5
7.82,5.14
6.7,1.5
6.61,3.27
8.22,5.79
9.26,9.7
8.05,4.16
9.27,7.87
6.32,1.5
7.6,4.32
7.25,5.55
5.06,1.68
7.78,2.99
8.31,5.18
7.96,3.18
8.68,7.06
7.86,4.87
5.33,1.5
5.58,1.5
7.98,5.38
6.37,3.38
5.4,1.5
7.15,2.87
7.77,4.17
6.64,2.8
8.6,5.39
8.22,6.54
6.66,1.5
8.77,7.52
8.24,6.41
8.19,6.12
7.77,6.29
5.06,1.94
8.48,6.86
6.88,2.51
9.71,5.09
9.09,5.42
7.94,5.46
6.26,2.63
6.02,3.14
6.7,5.33
7.38,3.28
6.48,3.43
7.57,3.77
5.83,1.5
9.89,6.5
5.54,3.27
9.66,8.76
9.57,7.28
7.63,2.94
8.62,6.12
7.18,1.84
8.15,6.73
6.7,3.95
6.51,2.67
7.89,5.93
7.49,4.11
7.9,4.31
6.43,3.21
6.83,3.9
5.42,1.51
5.26,1.5
6.27,1.5
5.37,1.5
5.52,1.63
9.06,6.25
5.19,2.43
8.29,5.75
6.36,1.5
9.36,8.2
7.42,4.06
6.53,3.57
7.59,4.34
6.91,4.79
7.82,4.66
5.57,3.53
9.98,7.36
7.13,1.91
6.74,3.24
8.55,7.11
6.82,1.65
9.17,4.52
7.27,3.88
8.6,7.33
5.54,3.65
9.23,6.96
8.68,8.93
6.06,2.0
5.73,1.5
6.58,2.9
9.88,6.11
6.28,4.06
7.28,4.14
5.15,1.5
6.99,1.5
7.86,4.82
9.77,3.99
7.58,3.51
9.1,6.28
7.74,2.31
5.2,2.74
6.58,5.46
7.88,3.51
9.75,8.99
9.3,9.19
6.14,2.03
6.1,1.5
6.01,2.43
9.61,6.78
9.26,9.78
8.87,8.51
6.96,3.14
7.52,3.93
7.32,1.74
6.27,1.5
7.53,6.31
5.15,1.5
5.66,2.87
9.43,6.76
8.76,8.22
7.11,1.5
7.59,4.29
6.85,5.89
8.7,8.1
8.92,9.78
8.82,5.45
8.61,4.37
6.02,1.5
6.69,1.65
7.35,5.94
6.65,3.63
8.77,7.15
6.65,4.53
5.69,2.1
7.0,4.6
9.9,10.81
6.13,1.5
8.06,6.29
7.16,1.5
5.36,1.64
7.44,4.68
8.51,3.38
7.57,4.12
9.36,6.62
6.44,3.45
5.43,1.5
9.68,4.79
6.89,3.73
7.88,3.45
8.96,5.43
6.62,2.64
8.58,5.53
5.68,1.5
6.46,1.5
5.72,1.5
9.06,6.95
6.11,4.77
8.59,10.1
9.72,10.37
7.64,2.7
7.7,4.26
7.31,3.98
6.63,2.89
7.38,4.36
8.01,8.4
9.93,5.48
9.69,6.89
9.31,10.67
9.45,5.47
7.34,4.05
8.29,6.66
9.48,9.63
6.96,4.46
9.81,9.68
7.08,3.19
8.01,4.41
8.55,8.05
9.75,4.13
6.22,4.44
8.73,7.15
7.6,4.65
6.34,1.5
8.88,4.13
7.76,4.52
8.3,6.4
6.61,1.5
7.41,6.27
8.09,5.67
7.02,4.16
5.99,2.81
9.81,8.95
7.56,3.63
8.67,6.26
7.06,1.5
6.78,2.46
7.04,4.64
7.05,2.81
7.72,2.91
7.72,6.01
7.49,3.0
5.67,1.5
7.48,4.29
5.85,2.43
5.63,3.29
9.66,7.03
8.02,5.28
8.3,4.77
7.01,4.28
9.54,10.08
8.19,5.64
8.85,7.84
6.84,5.16
9.8,10.95
9.1,7.11
9.27,7.34
5.86,2.32
6.35,3.97
6.43,4.09
6.35,3.45
9.28,8.97
5.16,1.5
5.38,1.74
6.37,2.21
6.0,1.76
6.16,5.16
8.99,6.25
7.82,4.55
5.03,1.5
7.15,6.08
7.04,2.36
5.57,1.5
8.38,4.87
8.51,4.43
8.6,4.89
8.64,5.21
5.0,2.85
9.77,6.86
9.07,6.8
9.52,6.01
5.08,1.5
9.67,5.28
9.05,5.65
9.19,10.65
5.47,2.73
8.69,5.16
9.8,8.44
8.39,5.15
7.85,3.16
9.73,8.9
7.21,2.09
8.0,5.49
7.38,3.99
9.66,6.12
5.38,2.43
7.51,4.87
8.43,8.04
8.96,7.36
7.92,5.69
9.54,8.72
9.71,7.59
5.32,3.32
7.01,5.15
5.12,3.59
6.65,3.01
7.68,4.3
9.55,10.26
9.23,6.95
5.64,1.5
5.47,1.5
7.95,4.72
7.66,6.01
6.33,2.34
9.5,6.46
9.64,8.13
7.01,4.71
9.45,7.43
6.92,3.41
8.68,6.87
7.38,3.43
5.61,1.5
9.64,7.93
7.27,4.07
8.67,7.45
6.84,2.23
5.09,1.5
5.5,1.5
7.48,4.36
8.45,8.87
6.67,4.58
8.48,3.2
8.49,6.73
8.52,5.76
7.46,4.29
9.57,6.89
7.45,6.52
7.25,1.5
6.0,2.58
6.54,1.78
5.21,2.36
8.17,4.8
6.24,2.22
6.52,2.83
8.85,6.06
6.64,3.05
6.21,2.87
5.85,1.5
8.87,3.28
5.65,1.5
7.27,5.07
7.53,4.99
8.44,4.14
8.17,2.62
9.05,5.38
5.22,1.5
6.48,3.75
6.4,2.3
5.73,2.56
6.45,2.33
6.55,4.03
7.61,5.05
8.32,2.84
6.91,2.83
8.6,8.65
6.68,5.89
6.45,4.15
7.71,4.72
5.12,1.5
5.4,1.78
7.09,3.7
9.71,9.93
8.61,6.72
5.44,1.5
9.23,5.91
8.66,6.22
8.05,6.81
9.1,6.13
7.02,4.8
6.11,2.21
7.56,3.44
7.74,5.47
7.69,3.83
7.83,4.02
9.74,11.09
9.51,5.84
9.38,6.2
9.01,9.41
9.72,8.52
5.49,1.5
6.33,3.67
7.48,4.51
9.23,7.47
7.53,4.82
8.74,6.47
5.69,1.93
6.26,3.97
8.66,6.76
5.82,1.5
6.76,4.25
6.32,1.5
6.75,4.11
8.54,5.6
6.84,3.85
7.78,4.24
5.5,4.91
9.03,4.1
6.85,5.67
8.24,5.14
8.63,8.18
6.05,3.17
9.42,8.83
8.08,4.4
7.14,3.42
5.91,2.28
9.71,11.89
8.78,3.86
6.04,1.52
6.69,3.15
9.05,5.86
8.48,4.84
8.83,9.03
7.21,1.5
8.58,6.21
6.93,1.5
6.06,1.5
8.16,9.12
9.88,9.42
6.55,4.6
7.3,4.05
8.37,7.75
7.71,2.44
9.22,9.49
8.81,5.98
5.29,1.5
9.99,9.49
8.76,6.1
9.32,7.6
8.26,4.0
9.28,8.75
5.56,2.73
6.74,2.01
9.38,8.05
6.01,1.5
5.39,1.52
8.94,9.88
9.18,6.66
5.81,3.86
9.27,9.61
8.43,5.18
7.6,3.04
9.15,6.8
7.1,6.22
5.97,4.3
6.42,4.87
7.53,4.28
7.66,7.17
9.03,5.54
8.96,6.1
7.91,6.41
8.9,7.83
5.96,1.5
5.25,1.5
9.37,8.01
5.38,2.86
6.23,1.5
8.48,6.97
7.05,3.06
9.38,7.75
6.49,2.07
5.06,2.03
6.5,2.18
7.89,4.5
6.88,3.73
7.67,2.55
9.38,7.6
9.56,7.93
6.33,1.5
7.31,1.5
7.75,1.5
9.75,11.11
9.99,9.07
6.18,1.5
8.63,7.89
6.89,3.69
5.04,1.5
5.05,1.5
7.3,3.95
7.44,4.59
5.11,2.03
8.43,6.15
6.47,2.26
7.8,4.58
6.5,1.5
5.84,2.66
7.04,1.65
6.16,3.08
7.67,4.22
5.99,2.4
7.54,5.32
5.79,1.5
8.35,5.3
8.77,6.83
5.55,1.5
7.34,2.93
5.35,2.13
7.99,5.84
6.32,3.34
7.64,2.51
7.59,4.18
9.62,8.89
7.75,5.98
7.91,3.51
7.01,2.35
9.75,7.25
8.89,6.35
6.43,1.5
9.22,6.59
7.16,3.32
9.14,5.88
9.11,7.95
5.94,1.5
8.51,6.34
6.45,1.53
6.49,3.07
6.48,2.08
8.63,5.16
6.15,2.45
5.0,1.5
8.58,6.44
5.86,1.65
5.52,1.5
6.19,4.3
6.9,4.23
7.38,4.84
5.22,1.5
9.85,8.51
8.58,5.67
6.62,1.5
6.59,4.18
7.24,6.1
8.13,8.81
5.73,1.5
5.94,2.24
9.3,9.37
6.28,2.01
6.9,2.14
9.36,3.1
8.32,6.86
6.71,2.74
8.42,4.4
5.1,1.5
8.68,7.04
7.44,4.86
9.07,7.5
9.77,9.65
9.63,8.68
9.55,9.7
7.56,5.25
6.8,3.85
7.33,3.39
8.45,8.51
9.42,6.48
6.03,1.5
9.59,5.63
9.08,6.33
9.89,5.6
9.4,5.92
6.4,4.2
5.53,2.23
5.56,1.5
6.46,4.61
8.07,6.49
9.02,9.65
9.5,3.3
8.12,5.45
5.03,2.21
5.93,4.42
5.5,1.5
6.82,4.93
7.51,7.76
5.22,1.5
6.74,4.5
5.9,2.87
8.24,4.9
7.32,3.06
7.48,6.17
7.14,3.69
9.78,7.34
6.07,3.72
7.58,6.63
8.68,6.91
7.78,5.38
9.65,6.6
6.89,1.86
7.32,5.05
5.44,1.5
8.04,7.86
6.44,2.96
5.8,1.5
7.72,5.56
7.66,4.19
5.38,1.5
8.49,8.93
8.12,4.88
5.95,3.73
7.35,6.13
8.6,3.05
7.65,2.69
6.98,3.51
6.61,2.37
8.05,8.31
9.7,7.23
8.36,6.8
5.37,2.2
7.3,5.0
9.45,7.8
5.47,3.19
9.94,8.31
9.75,10.63
5.39,1.5
9.67,8.04
6.82,1.5
9.22,7.67
7.09,3.33
7.2,3.34
8.17,5.19
8.87,5.13
5.17,1.5
7.97,5.37
5.93,2.56
6.73,2.41
6.74,4.82
7.35,1.92
6.67,3.36
5.54,1.5
5.73,2.85
5.17,1.5
7.35,4.77
9.77,5.95
5.58,2.98
9.73,5.98
8.67,7.38
8.19,4.29
8.23,5.2
9.13,9.18
5.53,1.5
7.52,2.17
8.49,8.79
7.93,5.77
9.16,6.09
5.36,2.96
8.45,5.76
7.67,4.51
6.9,3.69
6.7,4.52
8.1,5.87
9.45,11.39
7.48,3.43
9.12,6.94
7.01,1.88
5.51,1.73
5.31,4.18
5.26,2.6
6.9,3.18
6.69,2.93
8.59,4.34
8.71,3.79
5.25,1.5
6.11,1.5
6.37,1.5
7.74,5.58
5.72,1.89
5.67,1.5
9.72,3.42
9.02,6.56
5.9,1.5
7.03,1.6
6.78,5.21
8.96,7.22
7.55,4.64
5.64,1.5
8.69,3.73
6.98,3.7
6.31,2.32
6.88,2.4
7.49,4.47
6.72,1.5
6.21,2.19
6.99,3.66
5.1,1.5
8.86,5.47
5.85,1.94
5.22,1.51
8.27,8.2
8.87,7.07
9.07,9.37
7.47,2.97
6.03,1.71
8.69,7.51
8.5,5.93
6.23,1.5
9.52,7.0
5.52,1.5
9.91,9.63
9.3,6.22
8.44,4.08
9.69,6.48
8.61,10.17
5.95,2.74
7.21,7.96
5.36,1.5
6.95,4.48
8.71,3.3
6.93,3.19
6.65,3.9
7.98,5.82
9.36,6.6
5.24,2.75
6.93,3.07
5.79,1.62
8.48,4.37
5.53,1.5
8.32,8.1
6.43,2.86
5.99,3.95
9.68,8.38
5.09,1.5
7.19,5.71
5.11,1.57
7.42,2.37
7.51,5.9
6.61,1.67
5.66,4.14
6.88,5.06
8.36,6.73
8.91,7.49
7.65,2.98
7.95,4.22
6.0,1.55
6.44,6.03
5.81,1.5
6.25,1.5
6.12,1.5
7.6,6.07
7.81,4.44
9.72,7.43
5.98,3.69
8.21,6.15
9.09,7.11
7.8,6.69
6.28,1.57
6.31,1.93
5.2,1.5
6.53,4.47
8.72,5.47
5.24,1.5
6.1,3.06
8.53,6.64
8.91,7.85
7.28,5.19
8.49,5.55
6.94,4.65
5.8,3.31
6.99,3.38
7.9,8.69
9.74,6.13
5.34,1.52
7.54,1.92
6.64,5.11
7.54,2.82
5.12,1.5
6.57,2.3
9.1,8.47
7.77,3.22
7.25,3.25
6.43,2.57
6.49,2.51
6.92,6.35
9.18,7.71
9.84,6.13
7.19,6.48
6.97,3.76
9.23,5.38
7.13,4.67
7.76,5.11
6.15,1.59
8.72,5.22
7.66,4.41
9.05,6.56
8.9,9.31
6.08,3.45
8.58,4.76
9.0,7.71
6.73,5.89
5.86,1.5
5.01,1.5
7.25,4.05
6.76,2.87
7.77,4.93
5.94,1.55
9.3,5.62
6.29,3.23
6.13,3.66
7.4,3.46
7.49,7.44
6.08,4.86
6.36,5.15
5.85,3.3
8.59,8.43
8.85,6.19
7.31,2.59
8.57,5.3
8.68,4.61
5.69,1.8
9.83,9.09
9.11,6.18
6.02,1.85
5.93,2.57
5.63,4.41
5.69,2.71
8.74,7.66
7.35,4.56
8.91,4.02
8.73,3.35
8.02,8.4
8.43,5.16
5.09,1.5
6.56,3.72
8.19,6.09
5.05,1.81
5.16,3.6
9.26,9.5
8.42,4.55
6.33,4.63
8.44,5.8
8.96,7.55
6.53,1.66
5.18,1.5
9.66,8.11
6.73,2.53
5.53,2.73
7.46,3.22
8.84,7.18
6.11,4.93
6.35,1.5
6.21,1.5
9.96,8.53
5.99,2.84
7.88,6.35
9.63,9.66
5.73,2.34
9.85,9.75
9.74,7.7
9.42,4.66
6.07,2.0
8.17,5.65
8.8,6.11
9.93,7.61
5.9,1.5
8.83,7.13
6.69,6.8
5.88,1.5
7.11,6.44
8.97,9.65
7.32,4.33
7.69,3.55
9.98,9.05
7.0,3.78
8.08,4.34
6.83,1.94
6.96,4.55
8.48,6.83
9.69,5.8
7.71,4.81
8.84,7.72
5.45,1.5
6.06,1.5
7.51,4.09
5.1,1.5
6.26,6.24
7.59,4.36
5.07,2.9
6.32,4.78
7.57,4.53
7.87,6.23
9.63,8.62
8.23,2.51
7.07,2.09
9.65,7.31
8.92,7.18
6.0,4.7
5.65,1.5
8.38,8.97
7.8,3.74
8.95,10.27
8.69,7.36
8.13,5.24
9.93,7.73
7.67,5.6
5.57,3.95
9.14,8.12
6.26,2.55
8.89,5.67
9.79,10.5
8.48,6.81
7.98,7.97
7.3,5.39
6.82,3.34
6.77,4.46
8.18,7.12
8.76,5.75
8.39,8.91
5.99,2.79
7.47,1.5
8.96,8.48
7.38,2.0
7.68,5.72
8.86,9.02
8.31,6.62
7.05,5.14
9.48,8.43
5.81,1.5
9.98,10.96
5.59,3.26
5.07,3.38
9.45,5.8
6.22,3.08
8.65,3.94
9.06,6.4
9.29,9.13
9.96,8.53
6.47,5.0
8.55,6.43
5.58,1.55
7.03,3.42
9.24,4.84
6.84,1.82
7.96,5.85
7.52,3.36
8.23,7.13
9.86,8.12
5.28,1.5
7.87,5.91
9.32,7.36
7.41,5.52
5.39,1.5
7.8,4.22
6.66,5.85
5.77,1.92
9.25,6.47
7.61,6.16
9.67,5.74
9.03,6.72
8.46,6.03
5.03,1.5
7.14,2.37
5.99,3.49
9.55,7.87
5.87,4.03
6.43,1.85
7.58,1.5
6.32,2.8
6.05,5.05
8.0,5.54
5.44,6.05
5.29,1.51
6.86,3.7
8.6,2.9
7.77,4.69
7.11,4.87
7.83,4.91
6.83,3.61
9.68,6.65
5.27,1.5
8.37,9.01
9.46,8.32
9.02,7.71
5.92,1.59
6.48,4.56
8.59,5.55
5.42,1.5
9.06,4.47
8.59,5.51
8.65,4.8
5.5,1.56
8.59,3.8
8.4,8.3
9.15,9.42
5.21,3.13
5.12,2.55
6.87,3.88
5.74,1.5
7.79,6.84
9.59,4.98
6.96,3.19
9.22,7.63
5.0,1.95
5.84,3.17
5.15,1.5
6.64,2.34
9.54,10.16
5.48,1.53
8.03,4.76
7.26,2.38
9.69,9.22
5.61,1.85
6.06,2.05
5.15,1.69
7.17,7.29
6.39,1.76
9.35,6.92
8.02,4.48
8.07,6.3
7.66,3.06
5.46,1.5
7.23,2.65
10.0,7.61
9.18,8.81
9.47,11.59
9.12,6.99
5.52,1.5
6.14,1.5
5.02,1.5
6.52,1.5
5.54,4.22
7.36,5.09
8.39,5.69
9.37,5.45
8.75,4.24
9.69,5.6
5.27,3.16
5.06,1.5
8.31,4.28
6.45,6.32
6.27,1.5
6.65,2.05
6.35,4.37
7.56,5.18
7.2,3.29
7.56,2.78
8.36,5.39
6.94,2.45
6.26,2.76
5.83,1.98
6.75,3.82
8.71,6.95
8.78,5.81
8.33,5.99
6.17,4.43
7.94,4.96
7.85,4.14
7.42,4.84
7.75,7.34
7.46,2.5
7.83,6.34
8.58,7.33
5.55,1.5
8.75,8.51
5.68,1.5
5.33,1.94
9.88,9.73
9.78,6.68
5.3,2.07
7.22,4.93
5.93,2.19
7.43,4.85
9.15,5.4
9.75,6.99
8.17,5.18
6.77,3.01
8.02,5.97
6.56,3.21
9.55,4.84
9.35,4.11
7.79,6.9
6.62,1.5
6.47,3.72
5.17,1.5
9.08,7.55
7.25,7.18
6.63,3.8
7.36,4.72
9.09,7.29
5.62,1.6
9.29,8.24
9.49,8.32
9.73,8.86
6.99,6.58
6.09,2.4
