ID,Python,Java,SQL,JavaScript,HTML,C++,Data_Science,Machine_Learning,DevOps,Cloud_Computing,Years_Experience,Salary
1,0,1,0,0,0,0,0,0,,1,3,48937
2,1,1,0,0,0,0,1,0,0,1,8,84701
3,0,0,0,0,0,1,0,1,0,0,1,40097
4,0,1,0,0,0,1,0,0,0,1,2,56349
5,1,0,0,1,0,1,0,1,0,1,8,87208
6,0,0,0,0,0,0,0,1,1,0,3,56457
7,1,0,1,1,1,0,1,0,1,0,4,80523
8,0,1,0,1,0,1,1,0,0,1,9,90452
9,0,1,1,0,1,1,0,0,1,0,5,72674
10,1,1,1,0,0,1,0,0,1,0,5,73184
11,0,0,0,1,1,1,0,1,0,1,2,60906
12,0,1,0,1,0,1,1,0,0,1,2,64974
13,1,1,0,1,0,1,1,1,0,0,4,76926
14,1,1,0,0,0,1,0,0,0,1,1,58716
15,1,1,0,1,0,1,0,1,1,0,0,64518
16,0,1,1,1,1,0,0,1,0,1,7,86337
17,0,1,0,0,1,1,1,0,0,1,9,90581
18,1,1,1,1,0,0,1,0,1,1,10,104265
19,1,1,0,0,1,0,1,0,1,1,3,73958
20,0,0,0,0,0,0,1,1,0,1,2,55200
21,1,0,1,1,0,0,0,1,0,1,6,78365
22,1,1,1,0,0,1,1,1,0,0,10,98954
23,1,0,0,1,0,0,1,0,1,0,5,65471
24,1,0,1,0,0,1,0,0,1,1,4,74025
25,0,1,0,0,1,0,0,1,1,0,9,90373
26,1,1,0,0,0,0,1,0,0,0,8,78746
27,0,0,0,1,1,1,1,0,0,1,4,74962
28,1,1,1,1,1,0,0,1,1,0,5,86186
29,0,1,0,0,1,1,0,0,1,0,7,73397
30,0,0,1,1,0,1,0,1,1,0,10,98277
31,1,1,1,0,1,0,0,1,1,0,0,61365
32,0,1,1,1,1,1,0,0,0,1,0,62810
33,1,0,0,0,0,0,0,0,0,0,3,48260
34,1,0,0,0,0,0,1,1,0,1,6,74172
35,1,1,0,0,0,1,1,1,0,0,7,78057
36,0,0,0,0,0,1,0,0,0,0,8,69354
37,1,0,0,0,1,1,1,0,0,0,10,93689
38,1,1,1,0,0,1,1,0,1,1,6,90367
39,0,1,1,1,0,1,1,0,1,1,8,93827
40,0,1,1,0,0,0,1,0,1,1,2,59168
41,0,1,1,1,0,0,0,1,0,1,9,89187
42,1,1,1,0,1,1,1,0,0,0,7,87831
43,0,1,0,1,0,1,1,0,1,1,9,93219
44,0,0,1,0,1,0,1,0,0,0,2,55678
45,1,1,1,1,0,1,0,0,0,0,6,81407
46,1,0,0,0,0,0,0,0,1,1,7,71996
47,1,1,0,0,0,0,1,1,0,0,0,52466
48,1,0,0,1,1,1,0,1,1,1,5,86212
49,0,1,0,1,0,1,1,0,1,0,3,69958
50,1,1,1,1,0,0,0,0,1,0,9,90005
51,1,1,1,1,1,0,1,0,0,0,7,83343
52,0,0,1,1,1,0,1,1,1,1,7,96608
53,0,1,1,0,0,1,1,1,1,1,4,85571
54,1,0,1,1,1,1,0,0,0,1,7,85769
55,0,0,1,1,0,0,0,1,1,0,9,88487
56,0,0,1,1,0,0,1,1,0,0,1,50561
57,0,0,1,0,0,0,1,0,0,0,5,56674
58,1,0,1,0,1,0,0,1,1,1,9,92787
59,0,0,0,1,1,0,1,1,0,0,8,78275
60,1,1,0,1,1,0,1,1,0,1,8,98415
61,0,0,1,0,0,1,1,1,0,1,3,66459
62,1,1,1,1,1,0,0,1,1,0,10,104171
63,1,1,1,1,0,0,0,0,1,1,7,87404
64,1,1,1,1,1,0,0,1,0,1,7,94946
65,1,1,0,0,0,0,1,1,0,1,8,87348
66,0,0,0,0,1,0,0,0,0,1,4,53570
67,0,0,1,0,0,0,1,0,0,1,7,69386
68,1,1,0,1,0,1,0,1,1,0,6,87861
69,0,1,0,0,1,0,0,0,0,1,9,81501
70,0,1,1,1,1,0,0,0,1,1,8,89741
71,0,0,0,1,1,0,0,1,1,1,6,74162
72,0,0,1,0,0,0,0,1,0,1,1,51384
73,1,0,0,1,1,1,1,1,1,1,7,97525
74,0,0,0,1,1,1,1,1,0,0,8,88076
75,1,0,0,1,1,1,0,0,0,0,6,76770
76,1,1,0,0,1,1,0,1,1,0,0,63296
77,1,0,1,0,0,1,1,1,0,0,8,86427
78,1,0,1,0,1,0,1,0,1,0,7,80230
79,1,1,1,0,0,0,0,1,1,1,8,94703
80,0,1,0,1,0,1,0,1,1,1,7,88704
81,0,0,1,0,1,1,1,0,0,1,5,79412
82,1,0,0,1,0,0,1,1,0,1,3,62602
83,0,0,0,0,0,1,1,0,0,1,10,86630
84,1,1,0,1,1,0,1,1,1,1,0,71449
85,0,0,1,0,0,0,0,1,0,0,9,78047
86,1,0,1,0,0,0,1,1,1,1,0,61382
87,0,1,1,1,0,1,1,1,0,1,9,101465
88,0,1,1,1,0,0,1,1,0,1,1,59227
89,0,1,1,0,1,1,1,1,1,1,9,106255
90,0,1,0,0,1,1,0,1,0,0,3,61856
91,1,0,1,0,1,1,0,1,1,0,10,101782
92,0,0,1,1,1,0,0,1,1,0,6,81394
93,1,0,0,1,0,1,0,1,0,0,8,79832
94,0,1,0,0,1,0,1,1,1,0,5,75096
95,1,1,0,1,0,0,0,1,1,0,9,93572
96,1,1,1,0,0,1,0,1,0,0,2,67846
97,1,1,1,1,0,1,1,1,1,1,0,79205
98,1,0,0,0,0,0,1,1,1,0,7,73826
99,1,0,0,1,0,1,0,0,1,1,7,84851
100,0,0,0,1,1,1,1,1,0,0,8,85649
101,0,1,0,1,0,0,1,0,0,1,7,76467
102,1,0,1,0,1,1,1,1,0,1,9,105303
103,1,0,0,0,0,0,1,0,0,0,0,41513
104,1,0,1,1,0,1,0,0,1,0,1,57601
105,1,1,0,1,0,1,1,0,1,1,9,99670
106,1,0,0,0,0,1,1,1,1,0,9,87867
107,0,0,0,1,1,0,0,0,1,0,5,68804
108,0,1,0,0,1,1,1,1,0,0,6,81874
109,0,0,0,0,1,1,0,0,1,1,10,93622
110,0,0,0,0,1,1,0,0,1,1,3,59270
111,1,1,0,0,0,0,1,0,1,0,3,59220
112,1,0,1,1,0,0,1,1,1,0,0,58926
113,0,1,1,1,1,1,0,1,0,1,0,61499
114,0,0,0,1,1,0,1,0,1,0,8,86504
115,0,0,0,0,0,0,1,0,1,0,10,81216
116,0,1,1,0,1,0,1,0,0,1,10,99695
117,0,1,0,0,1,1,0,0,0,0,7,69240
118,0,0,0,1,1,0,1,0,1,0,3,57387
119,1,1,0,0,1,0,1,1,0,0,5,79785
120,1,1,1,0,1,1,1,0,1,1,7,95011
121,1,0,0,1,1,1,0,0,0,0,6,78729
122,0,0,0,1,1,1,0,1,0,0,5,71496
123,1,0,1,0,0,0,0,0,0,1,0,44251
124,1,0,0,1,0,1,0,1,0,1,0,55795
125,0,0,0,0,0,1,1,1,0,1,2,54124
126,1,1,1,0,1,0,1,1,1,0,2,74934
127,0,0,0,1,0,0,1,1,0,1,8,77143
128,0,0,1,0,0,0,0,1,1,0,0,46272
129,0,0,1,1,1,0,1,0,0,1,9,90923
130,0,0,1,1,1,1,0,0,0,1,3,64230
131,0,0,1,1,0,1,1,0,0,1,5,74529
132,1,1,0,1,1,0,0,0,0,0,8,79313
133,0,1,1,1,0,1,0,0,0,0,3,60910
134,0,0,0,0,1,0,1,0,1,0,6,67926
135,1,1,0,1,1,0,0,1,0,0,0,54402
136,1,0,1,1,0,1,1,0,0,1,8,87982
137,0,1,1,0,1,0,1,1,0,0,2,63964
138,0,1,0,0,0,1,0,1,1,1,1,59413
139,0,1,1,0,1,0,1,1,1,0,10,96873
140,1,0,1,1,1,1,0,1,1,0,4,76250
141,1,0,1,1,1,1,0,1,1,0,4,79002
142,0,1,1,0,1,0,1,1,1,1,7,96890
143,0,1,0,0,0,0,0,0,0,1,2,45900
144,1,1,0,0,0,0,1,1,1,0,4,67340
145,0,1,0,1,1,1,0,1,1,0,10,100635
146,1,1,1,0,0,0,0,1,0,1,3,64531
147,0,1,1,0,1,0,0,1,0,0,9,86077
148,0,1,1,0,1,0,1,0,1,1,5,84282
149,1,0,1,0,0,1,1,1,1,1,7,93666
150,0,1,0,0,0,1,1,0,1,1,5,76209
151,1,1,0,0,0,0,1,0,1,0,9,85986
152,0,0,1,1,1,1,1,0,1,0,6,80802
153,1,1,1,1,0,0,1,1,1,0,0,62163
154,0,0,1,1,0,1,1,1,1,0,0,57724
155,0,0,0,1,1,1,1,1,1,0,3,70642
156,0,1,0,0,0,0,1,0,1,1,7,82885
157,1,0,1,1,0,0,1,1,0,0,4,67826
158,1,0,1,0,1,1,0,1,1,1,8,98940
159,0,0,0,0,0,1,1,0,1,0,2,55217
160,0,1,0,0,1,0,1,0,0,1,9,87541
161,0,0,1,0,0,1,0,1,1,0,10,87248
162,0,1,1,0,1,0,1,0,0,0,2,55129
163,0,1,0,0,0,0,1,0,1,0,1,47981
164,0,0,1,1,1,0,1,1,1,0,7,86004
165,1,0,0,0,0,0,0,0,0,1,6,66967
166,0,0,0,1,0,1,0,1,0,1,3,57766
167,0,0,1,1,1,1,1,0,1,0,8,94470
168,0,1,1,1,0,1,1,1,1,1,6,92390
169,0,1,1,1,1,0,0,1,1,1,10,105689
170,1,1,1,0,0,0,0,1,0,1,3,62804
171,1,0,1,0,0,1,1,0,1,1,6,81438
172,0,1,1,1,1,0,0,0,0,0,3,61978
173,1,0,1,0,1,1,0,1,0,0,6,79541
174,0,0,1,1,0,0,1,0,0,1,0,52709
175,1,1,0,1,1,0,0,1,1,1,10,106255
176,0,1,0,0,1,0,0,1,0,0,4,60808
177,1,0,1,1,1,1,0,0,0,0,7,80237
178,0,1,0,1,0,0,0,0,0,0,1,40447
179,0,1,1,1,1,0,1,1,1,0,2,70093
180,0,1,0,1,1,1,0,0,0,0,9,89574
181,0,1,0,1,1,1,1,0,0,1,6,80191
182,1,1,1,1,0,0,1,0,1,1,8,94097
183,1,0,1,0,0,0,0,1,1,0,3,59703
184,0,0,1,1,0,0,1,1,1,0,1,54781
185,0,1,0,0,1,1,0,0,1,1,2,58864
186,1,1,1,0,0,0,0,1,1,1,2,71821
187,0,1,0,1,1,1,0,0,0,0,2,59745
188,1,0,0,1,0,1,0,0,0,1,3,65087
189,0,0,1,1,0,1,1,0,0,1,6,79420
190,0,1,0,0,0,0,0,0,0,1,8,73204
191,1,0,1,0,0,1,1,0,1,0,0,57567
192,1,0,1,1,1,1,1,1,0,1,3,80332
193,1,0,0,0,0,0,1,0,1,0,10,89686
194,0,0,1,1,1,1,0,0,1,1,8,93950
195,1,0,0,0,0,0,1,1,1,0,4,61703
196,0,0,1,0,0,0,0,1,0,1,5,68891
197,1,1,0,0,0,0,1,0,0,1,4,70653
198,0,0,1,1,1,1,0,1,1,1,3,73524
199,0,1,0,1,0,1,0,0,0,0,5,60689
200,0,0,1,0,0,0,0,1,0,1,4,58657
201,0,1,1,1,0,0,1,0,0,0,5,65018
202,0,0,1,1,1,1,1,1,0,0,2,72517
203,1,1,0,0,0,1,0,0,1,0,3,62060
204,0,0,0,1,1,0,0,1,1,1,3,64838
205,0,1,1,0,1,1,0,0,1,0,5,75654
206,1,0,0,1,0,0,0,1,1,1,4,66341
207,1,0,0,1,0,1,0,0,1,0,2,58703
208,0,1,1,1,0,0,0,0,0,0,10,87042
209,0,1,0,0,0,1,0,0,0,0,4,53550
210,1,1,0,0,0,0,0,0,0,0,5,62302
211,0,0,0,0,0,0,0,1,0,1,5,62780
212,0,0,1,1,0,1,1,1,0,1,4,73101
213,1,1,1,1,0,1,1,0,0,1,7,92114
214,1,0,1,1,0,1,0,0,1,0,0,51867
215,0,0,0,0,1,1,0,1,0,1,9,89071
216,0,1,1,0,1,0,0,1,0,0,1,51497
217,1,1,0,0,1,0,0,0,1,1,7,87019
218,1,0,0,0,0,1,0,1,1,0,8,82223
219,1,1,1,1,0,1,1,1,0,1,5,87063
220,0,1,1,0,1,0,0,1,1,1,1,68815
221,1,1,1,1,1,1,1,0,0,1,2,79989
222,1,0,0,1,0,1,0,1,0,0,8,77211
223,1,0,1,0,1,1,1,1,0,0,7,88508
224,1,1,1,1,1,1,1,0,1,0,6,97552
225,0,1,1,0,0,1,0,0,1,1,10,99737
226,0,1,0,1,1,1,0,0,0,0,8,86705
227,0,1,1,0,0,0,0,1,1,1,8,86408
228,0,0,0,1,1,0,1,0,1,1,2,60717
229,0,0,1,1,0,1,0,0,1,1,2,59900
230,1,0,1,0,1,0,0,1,0,0,3,58456
231,1,0,1,1,0,0,1,1,1,1,2,77851
232,1,1,0,0,0,1,1,0,1,1,10,95178
233,0,0,0,0,0,0,0,0,1,1,3,53165
234,1,0,0,1,1,0,1,1,1,0,7,87978
235,1,1,0,1,1,1,1,1,0,0,4,79847
236,0,1,1,1,1,1,0,1,0,1,10,109523
237,1,1,0,0,0,0,1,0,1,1,8,83441
238,0,0,0,1,0,1,0,1,0,1,4,68697
239,0,0,0,0,1,1,1,1,0,0,1,58839
240,1,1,0,0,0,1,1,1,0,1,8,88858
241,1,1,1,0,0,0,,0,0,1,9,87377
242,1,1,0,1,1,1,1,1,0,1,6,95140
243,0,1,1,0,0,1,,1,0,0,2,65948
244,1,1,1,0,1,1,0,1,0,1,6,86510
245,1,1,1,0,1,1,0,1,1,0,3,77885
246,1,0,1,0,1,1,0,0,0,0,8,78228
247,1,0,1,1,1,1,0,1,0,1,7,91282
248,0,0,0,0,0,1,1,1,0,1,8,79785
249,1,1,0,1,0,0,1,0,0,0,4,66284
250,1,0,1,0,1,0,0,0,0,0,8,76463
251,0,0,0,1,0,1,1,0,0,1,10,94542
252,1,1,1,1,1,1,1,1,0,1,9,110197
253,1,1,0,,0,0,1,0,0,1,3,62833
254,0,1,1,1,0,0,1,1,1,0,9,92447
255,1,1,0,0,0,0,0,0,1,0,0,40372
256,1,0,1,1,0,1,0,0,1,1,6,82655
257,1,0,0,0,0,1,1,0,1,1,8,87157
258,1,0,1,0,1,0,0,1,0,0,7,80319
259,0,1,1,1,0,1,0,0,1,0,7,85034
260,1,0,1,0,1,0,1,1,1,1,0,69351
261,1,0,0,1,1,0,0,1,1,1,4,79038
262,0,1,1,0,1,1,0,1,0,1,6,88934
263,0,0,1,1,1,0,1,0,0,1,2,59764
264,1,1,0,1,1,0,1,0,0,0,9,87023
265,0,1,0,1,1,0,1,1,0,1,4,74519
266,1,0,0,0,0,0,1,1,1,1,10,91465
267,0,1,0,0,0,0,0,1,0,0,0,44578
268,0,1,1,0,0,0,0,1,1,0,0,49250
269,1,1,0,1,0,0,1,0,0,1,10,91420
270,0,1,0,0,0,1,1,0,0,1,4,63553
271,0,1,0,1,0,0,0,0,1,1,3,57325
272,0,0,1,1,0,0,1,0,0,0,9,78472
273,1,0,1,0,0,1,1,1,0,1,0,64724
274,1,0,1,0,1,1,1,1,0,0,3,75947
275,0,0,0,1,1,0,1,0,1,1,0,58972
276,1,1,0,0,0,0,0,0,1,0,7,68626
277,0,0,1,1,1,0,0,0,1,1,8,86034
278,1,1,0,1,1,1,0,1,0,0,9,99305
279,1,1,1,1,1,0,0,1,1,1,3,82736
280,0,1,1,0,1,1,0,1,1,1,1,68068
281,1,0,1,1,1,1,1,0,0,1,8,93171
282,0,0,0,0,0,1,0,1,1,0,1,52905
283,0,1,0,0,1,0,1,0,0,0,4,62769
284,1,0,1,0,1,0,1,1,1,0,5,80039
285,0,0,0,0,1,1,0,1,0,0,1,46583
286,1,1,0,0,1,0,1,1,0,1,7,88667
287,0,0,0,0,0,0,1,1,1,1,7,76440
288,0,1,0,0,1,0,0,0,0,1,0,40836
289,1,1,1,1,0,1,0,0,1,0,8,88493
290,0,0,0,1,1,1,0,0,1,1,5,71427
291,1,1,1,1,1,0,1,1,1,0,4,86261
292,0,0,1,1,0,1,1,1,1,0,0,58241
293,0,1,0,0,0,1,0,0,0,0,9,76900
294,1,0,1,0,1,1,0,1,0,1,3,74820
295,1,0,0,0,0,0,0,0,0,0,1,35620
296,1,0,1,1,1,1,1,1,0,1,2,76897
297,1,0,0,0,1,1,1,0,0,1,7,84237
298,1,0,0,0,1,0,0,0,1,1,6,72038
299,1,0,0,1,0,0,1,1,1,0,3,67115
300,0,1,0,0,1,0,1,1,0,0,7,77018
301,1,0,1,1,1,1,1,0,0,0,4,73276
302,0,0,1,1,0,0,1,1,1,0,9,86333
303,0,0,1,1,1,1,0,0,1,0,5,77831
304,1,1,0,0,1,0,1,0,0,0,6,76121
305,0,1,1,0,1,0,1,0,1,0,9,88764
306,1,0,1,1,0,1,1,0,0,0,5,73465
307,1,1,1,0,0,1,1,1,0,1,8,92612
308,0,1,1,1,0,1,0,1,0,1,7,85319
309,1,0,0,1,1,0,1,0,1,1,0,64125
310,0,1,0,1,0,0,0,0,0,1,6,69807
311,1,1,0,1,0,0,1,1,0,1,10,95776
312,1,0,1,0,0,0,0,1,1,0,7,82981
313,1,1,1,1,1,0,1,1,1,1,2,82279
314,1,0,1,0,1,1,1,0,0,1,9,93973
315,1,0,0,0,1,0,0,0,1,0,9,79577
316,1,1,1,1,0,0,1,1,1,1,10,111497
317,1,1,1,0,0,0,1,1,1,0,1,64031
318,0,0,1,0,1,0,1,0,1,1,2,60571
319,0,1,1,1,1,1,1,1,0,1,4,90900
320,0,1,0,1,0,0,0,1,1,1,1,58380
321,1,0,1,0,1,1,1,0,1,0,4,76017
322,0,0,1,0,1,0,0,1,0,0,9,76936
323,1,0,0,0,0,0,1,1,1,0,9,82440
324,1,1,0,0,0,0,1,0,1,1,10,95296
325,0,0,1,1,1,0,1,0,1,0,7,83243
326,1,1,1,1,1,1,1,0,0,1,0,68511
327,0,0,0,0,1,1,1,0,0,0,6,69446
328,0,0,0,1,1,0,1,1,1,1,10,101886
329,1,1,0,1,1,0,1,0,1,1,8,93038
330,0,0,0,0,0,1,1,1,0,0,4,56510
331,0,0,0,0,0,0,0,0,0,0,1,36723
332,0,0,0,1,0,1,1,1,0,0,4,68041
333,1,1,1,0,1,1,0,1,1,1,2,76483
334,1,1,1,1,0,1,1,1,1,1,0,74445
335,0,0,1,1,1,0,0,1,0,1,1,58160
336,1,0,0,1,1,0,1,1,1,0,1,59489
337,0,0,1,1,0,0,1,0,0,0,9,81706
338,1,0,1,0,1,0,1,1,0,0,4,75850
339,1,0,0,1,1,1,1,1,0,0,9,93036
340,1,0,0,1,0,1,0,0,0,1,5,71946
341,0,0,1,1,0,0,1,1,1,1,4,73163
342,1,1,1,0,0,0,1,0,0,1,2,66448
343,1,1,0,0,0,0,0,1,1,0,2,57658
344,0,0,1,0,0,0,1,0,1,0,7,75936
345,1,1,0,0,0,0,1,1,0,1,0,58253
346,1,1,0,0,1,0,1,0,1,1,10,97793
347,1,1,0,1,0,0,0,0,1,0,4,69612
348,0,1,1,1,0,0,1,0,0,0,9,87035
349,0,0,1,0,0,0,0,1,1,0,5,69619
350,1,0,1,1,0,0,0,1,1,0,1,56021
351,0,0,0,0,0,0,0,1,0,1,5,58695
352,1,1,0,0,1,0,1,0,0,1,0,57875
353,1,1,1,0,0,0,0,0,1,0,3,62392
354,1,0,0,0,1,1,0,0,0,1,7,75080
355,0,1,0,1,1,1,1,0,0,1,6,80064
356,1,0,0,1,0,1,0,1,1,0,5,71626
357,1,1,1,1,1,1,1,0,1,0,1,78801
358,0,1,1,1,1,1,1,0,1,0,7,96475
359,1,0,0,1,0,1,0,1,1,0,1,57640
360,0,0,0,1,0,0,0,1,1,0,1,53444
361,1,1,0,0,1,1,0,0,0,0,1,52501
362,0,1,1,0,0,0,0,1,0,1,2,55983
363,0,1,0,0,0,1,1,0,1,0,8,82314
364,0,1,1,1,1,0,0,0,0,0,1,54299
365,0,0,1,1,0,1,0,1,0,0,10,91679
366,0,1,1,1,0,0,0,1,1,1,2,66984
367,1,1,1,1,1,1,0,1,1,0,10,109496
368,1,1,1,1,0,0,1,0,0,0,2,58044
369,1,1,1,1,1,0,1,0,0,1,8,96465
370,1,0,1,0,1,0,1,0,1,1,9,96163
371,1,1,1,1,1,0,1,0,1,1,3,83386
372,1,0,1,1,0,0,0,0,0,0,0,49545
373,1,0,1,0,1,1,1,0,1,0,0,61242
374,1,1,0,1,0,0,0,0,0,1,9,90187
375,0,1,1,1,1,1,1,0,1,0,8,96764
376,0,1,0,1,1,0,1,0,1,1,10,98237
377,1,1,1,1,0,1,0,1,0,1,9,102966
378,1,0,1,0,1,0,1,1,0,0,5,74011
379,0,0,0,1,0,1,0,0,0,0,5,58699
380,0,0,0,1,1,0,0,0,1,0,8,74024
381,0,0,0,1,1,1,0,0,1,0,0,49171
382,0,0,1,0,0,1,1,1,0,0,3,58467
383,0,1,0,0,0,1,0,0,1,0,1,51333
384,0,0,1,0,1,1,0,0,0,0,6,68776
385,1,1,0,1,0,1,0,1,0,0,9,88837
386,0,1,1,0,0,0,0,0,1,0,5,61971
387,0,1,1,1,1,0,1,0,0,1,4,77304
388,1,0,1,1,1,0,1,1,1,0,3,77175
389,0,1,0,0,1,1,1,0,0,1,9,91239
390,1,0,1,0,1,0,1,1,0,0,0,50989
391,1,1,0,0,0,0,0,0,1,1,2,55359
392,0,1,1,1,1,1,0,0,1,1,6,89192
393,0,1,1,0,0,0,0,0,1,1,2,58812
394,0,0,1,0,0,0,0,1,0,0,6,62037
395,1,0,1,1,1,1,1,1,0,0,1,68090
396,1,1,1,1,0,0,0,0,0,0,4,67010
397,0,0,0,0,1,0,1,0,1,0,3,61020
398,0,0,1,1,0,1,1,0,0,1,9,95538
399,0,1,0,1,1,0,0,1,0,1,5,70735
400,0,1,0,0,1,1,1,1,1,1,7,92515
401,0,0,1,0,1,0,1,0,0,0,9,77152
402,0,1,0,0,0,1,1,0,0,0,4,64022
403,0,1,0,1,1,1,1,1,0,1,10,101531
404,1,1,0,1,1,1,1,0,1,0,4,84508
405,0,0,0,0,0,1,1,1,1,0,9,90671
406,0,0,0,1,0,0,1,0,1,0,0,43553
407,0,0,0,0,0,1,0,0,1,0,9,80481
408,0,1,1,0,0,0,0,1,0,1,2,54665
409,0,0,1,1,0,0,1,1,0,0,6,76799
410,1,0,1,1,0,1,0,0,1,1,7,87081
411,0,0,0,0,1,1,0,0,0,1,5,60073
412,0,1,1,0,1,1,1,1,0,1,9,101701
413,0,0,0,1,0,1,1,1,0,0,4,66508
414,0,0,1,1,0,1,1,0,0,0,8,81610
415,1,1,0,0,0,1,1,0,0,1,6,76145
416,1,0,1,1,1,0,0,0,1,1,0,64560
417,1,1,0,0,0,1,1,1,0,1,3,70646
418,1,1,1,0,0,0,0,0,1,0,6,70691
419,1,0,0,1,0,0,0,1,1,0,1,57567
420,0,1,0,1,1,1,0,0,1,0,0,55189
421,0,1,0,1,1,1,0,0,0,0,1,53360
422,1,0,1,1,0,0,1,1,1,1,9,97366
423,1,1,1,0,1,0,0,1,0,1,2,65897
424,0,1,0,1,1,0,1,0,1,0,3,69401
425,1,0,1,0,1,0,0,1,0,0,1,49538
426,0,1,0,0,1,1,0,0,0,0,3,58502
427,1,0,0,0,1,1,1,0,0,0,3,58907
428,1,1,1,0,0,0,0,1,1,0,0,51783
429,0,1,0,0,1,1,0,0,0,1,10,92513
430,1,0,1,0,0,0,1,1,1,1,5,80668
431,1,1,0,1,1,0,0,1,0,1,8,96449
432,1,0,0,1,1,0,0,1,0,1,8,89275
433,1,0,0,0,0,1,0,0,0,1,1,50734
434,1,0,0,0,0,1,0,1,0,1,4,64935
435,1,0,1,0,1,0,0,1,1,1,10,99910
436,0,0,0,1,0,1,1,1,0,0,6,78030
437,1,0,0,0,0,0,1,1,0,1,1,58380
438,0,0,1,1,0,1,0,1,1,0,6,74383
439,1,1,0,0,1,1,1,1,0,0,8,90166
440,0,1,1,0,1,1,0,0,0,0,2,54096
441,0,0,0,1,1,0,1,0,1,0,9,87738
442,1,0,1,0,0,1,0,0,0,1,1,54596
443,0,1,1,1,0,0,1,0,0,1,6,76457
444,1,0,0,1,1,0,0,0,1,0,3,66515
445,1,0,0,0,1,1,1,0,1,1,7,90247
446,1,0,1,0,1,0,0,0,0,0,7,68920
447,1,1,0,1,0,1,0,0,0,1,3,71924
448,0,0,1,0,0,0,1,1,1,1,7,79543
449,0,0,1,0,1,0,0,0,0,1,1,49800
450,0,0,0,1,1,0,0,1,0,1,9,86677
451,1,1,0,0,0,1,1,1,0,1,3,75600
452,0,1,0,1,1,1,1,1,1,0,0,60411
453,1,1,0,1,0,1,0,0,1,0,10,95697
454,1,1,1,1,1,1,0,1,1,1,3,89616
455,1,0,0,0,0,1,1,0,1,0,8,77306
456,1,0,1,0,0,1,1,0,1,1,1,62791
457,1,0,1,0,0,0,1,0,0,1,3,64054
458,1,1,0,1,0,0,1,1,0,1,9,99154
459,1,0,1,0,0,1,0,1,0,1,3,70988
460,0,1,0,0,0,0,0,0,0,1,0,43110
461,0,1,0,0,0,0,0,1,0,1,9,80043
462,1,1,1,0,0,0,0,1,1,1,10,96679
463,1,0,1,0,0,0,0,0,0,0,8,76090
464,0,0,0,1,0,0,0,0,1,0,7,71164
465,0,0,0,0,0,1,0,0,1,0,0,41898
466,1,1,0,0,1,0,1,0,1,0,1,54313
467,0,1,1,0,0,1,1,1,1,0,4,78219
468,0,1,0,1,1,1,0,0,1,0,7,86047
469,1,1,1,1,0,1,0,1,0,0,2,69552
470,1,0,0,1,0,1,1,1,0,0,2,59523
471,0,1,0,1,1,0,1,0,1,0,0,59482
472,0,0,0,0,0,0,0,0,1,1,7,67655
473,1,0,1,0,0,1,1,1,0,1,0,57238
474,0,0,1,1,1,1,1,0,1,0,4,77891
475,0,1,1,0,1,0,1,1,0,0,2,65213
476,1,0,0,0,0,1,0,1,0,0,9,84657
477,1,0,1,1,0,1,0,1,1,0,0,55531
478,0,1,1,0,1,0,0,0,0,0,9,78215
479,0,0,1,0,1,1,1,0,1,1,3,71177
480,0,1,0,0,0,1,0,1,1,1,8,90545
481,1,1,0,1,0,0,1,0,1,1,2,63038
482,1,1,0,1,1,0,1,0,1,0,7,86755
483,1,1,1,0,0,0,0,0,1,1,7,86785
484,0,1,1,0,1,0,1,1,1,1,9,102592
485,0,0,1,1,1,0,1,0,0,1,8,84938
486,1,1,0,1,0,1,0,1,0,0,5,74143
487,1,0,0,0,1,0,0,1,1,0,1,57914
488,1,1,0,1,1,1,0,0,0,1,4,71782
489,0,0,1,1,0,1,0,1,0,0,3,66657
490,0,0,0,0,1,1,1,0,1,0,7,82737
491,0,1,0,0,1,1,0,0,0,1,1,56771
492,1,0,0,0,1,0,0,1,1,0,5,71454
493,1,1,0,0,0,1,0,0,1,0,5,67494
494,0,0,1,0,1,1,0,0,0,1,2,61194
495,1,1,0,0,1,1,1,0,1,0,7,91679
496,0,0,0,0,1,0,0,0,1,1,5,60154
497,0,0,0,0,0,0,1,1,0,1,5,69569
498,1,1,0,1,0,0,1,0,0,1,7,86808
499,0,0,1,1,1,1,1,1,1,1,0,66688
500,0,1,0,0,1,0,1,1,1,0,9,95138
501,0,1,0,1,0,0,0,1,1,0,3,59046
502,1,0,1,0,1,0,1,1,1,1,1,64971
503,0,1,0,0,1,1,0,1,0,0,4,64265
504,0,1,1,0,0,1,1,0,1,0,8,83044
505,0,1,1,0,1,0,0,0,1,1,4,72527
506,1,0,0,0,1,0,0,1,1,0,4,64232
507,1,0,1,1,1,1,1,1,0,1,1,74828
508,0,0,1,0,0,0,0,1,0,1,2,54409
509,1,1,0,0,0,1,0,0,0,0,1,51273
510,0,1,0,0,1,1,1,0,1,0,6,83525
511,0,0,0,1,1,1,0,1,0,0,1,51214
512,0,1,1,0,1,1,1,1,1,0,0,64608
513,1,1,1,1,0,1,1,0,1,1,1,78479
514,1,0,1,1,1,1,0,1,0,1,6,85182
515,1,0,0,0,0,0,0,0,0,1,8,70420
516,0,0,1,0,0,0,1,0,0,1,0,41745
517,1,0,0,0,1,0,1,1,1,1,6,86805
518,1,0,1,0,1,1,0,0,0,0,6,69438
519,0,1,1,0,1,1,0,1,0,1,2,64840
520,0,0,1,1,1,0,1,0,1,1,5,81383
521,0,0,1,1,1,0,0,1,0,1,0,54713
522,1,1,1,0,0,0,1,0,1,1,8,96708
523,1,1,1,1,1,0,0,1,1,0,3,77125
524,1,0,1,1,0,1,1,0,1,0,0,58349
525,1,0,0,0,0,0,1,1,1,1,3,63340
526,1,0,0,0,0,0,0,1,0,0,10,83030
527,0,0,1,1,0,1,1,0,0,1,1,61684
528,1,0,0,1,1,0,1,0,0,0,3,61077
529,0,1,0,0,0,1,1,1,0,1,8,82292
530,1,0,0,1,1,1,0,0,0,0,2,62664
531,1,0,0,1,0,1,1,1,1,0,2,66345
532,0,1,1,0,1,1,0,0,1,0,3,63545
533,0,1,1,1,1,1,1,0,0,1,5,84907
534,0,0,0,0,1,1,1,1,1,1,3,72729
535,1,0,1,1,0,0,0,1,1,0,5,78378
536,1,0,1,1,0,1,1,1,1,1,10,110561
537,1,1,0,1,0,0,0,1,1,1,1,59613
538,1,1,1,0,1,1,0,1,0,1,4,78290
539,0,0,1,1,0,1,1,1,1,1,0,68621
540,1,0,0,1,1,1,1,1,1,1,9,104342
541,1,0,1,1,0,0,0,0,1,0,7,75680
542,1,0,0,1,1,0,0,1,1,1,7,85164
543,1,0,1,0,0,0,0,1,0,0,9,77941
544,0,1,0,0,0,1,0,0,1,1,3,58690
545,1,0,1,1,0,0,0,1,1,1,9,99442
546,0,1,1,1,0,0,0,0,0,1,7,77965
547,1,1,1,1,0,1,1,1,0,1,8,103760
548,0,1,0,0,0,0,0,1,0,1,9,82015
549,0,1,1,1,1,1,1,0,0,1,10,100383
550,1,0,1,1,1,0,0,1,1,1,0,63046
551,1,1,1,1,0,1,0,1,1,0,3,73215
552,0,1,0,1,0,0,1,1,0,0,0,54324
553,1,1,0,1,0,0,1,0,1,0,8,89893
554,0,1,1,1,0,1,1,0,0,0,1,56957
555,0,0,1,0,1,0,0,1,1,1,9,88970
556,0,0,1,1,0,1,1,1,0,1,5,84243
557,0,0,1,1,1,0,1,1,0,0,8,85899
558,1,0,0,0,0,0,0,0,0,1,10,75086
559,1,0,0,0,1,0,1,0,1,1,8,91587
560,0,1,0,1,0,0,0,0,0,1,2,57517
561,1,0,1,1,0,0,0,0,0,0,5,62550
562,1,1,0,1,1,0,1,1,1,0,6,89677
563,1,0,1,1,0,1,1,1,0,0,5,77357
564,1,0,0,1,0,1,0,1,0,1,10,94414
565,0,1,1,1,0,1,0,1,0,1,5,77806
566,1,0,1,1,0,1,0,0,1,0,2,67300
567,1,1,0,1,1,1,1,0,1,1,1,77873
568,1,1,1,1,1,0,0,1,1,0,9,97533
569,0,0,1,0,1,0,0,0,1,1,9,85900
570,0,1,0,1,0,1,1,1,0,0,2,60724
571,1,1,0,0,1,1,1,1,0,1,0,65066
572,1,0,1,0,1,0,1,0,1,0,8,84077
573,0,0,1,1,0,1,1,1,0,1,0,59967
574,1,1,0,1,1,0,0,1,0,0,2,67361
575,1,1,1,0,0,0,0,1,1,1,0,59935
576,1,0,0,0,0,1,0,0,1,1,4,68626
577,1,1,1,0,0,0,1,0,1,1,3,70522
578,1,0,1,0,1,0,1,0,0,0,8,79065
579,1,0,1,1,1,0,0,0,1,1,2,71033
580,1,0,1,0,1,0,1,0,0,0,9,87639
581,1,1,1,1,1,0,1,0,0,0,4,76470
582,0,0,0,1,1,0,0,0,0,0,2,51844
583,1,0,1,1,0,0,0,0,1,1,3,66738
584,1,1,1,0,0,0,1,1,0,1,9,99991
585,0,1,0,0,0,0,0,0,0,0,6,54540
586,1,1,0,1,0,0,1,0,0,1,4,72081
587,1,1,1,1,0,0,1,0,0,1,10,98216
588,1,1,0,1,0,0,1,0,0,0,3,58111
589,0,1,1,1,0,0,1,0,1,1,10,101785
590,1,1,1,0,1,0,1,1,1,0,3,76305
591,1,0,0,1,0,1,1,0,0,0,8,85329
592,0,1,0,1,0,0,0,0,1,1,5,74477
593,1,0,0,0,1,0,0,0,1,0,5,62540
594,0,0,0,1,0,1,1,1,0,1,8,82456
595,1,1,0,1,0,0,0,1,1,1,4,75627
596,0,0,1,1,0,0,0,0,0,0,5,63824
597,1,1,1,1,0,0,1,0,1,1,5,88224
598,0,0,0,0,1,1,1,0,1,0,5,72195
599,1,1,0,0,0,1,0,1,1,1,10,99292
600,0,0,0,0,1,1,0,0,0,1,1,47634
601,0,1,0,1,1,1,0,0,0,1,8,90288
602,0,1,1,1,0,0,0,0,0,0,4,59546
603,0,0,1,0,0,1,0,0,0,0,5,58888
604,1,0,0,0,1,1,1,1,1,0,2,68475
605,0,0,1,0,0,1,0,0,1,0,7,68449
606,1,1,0,1,1,1,1,0,0,1,9,102416
607,0,0,0,1,0,1,0,0,0,0,4,59618
608,0,1,1,0,1,1,0,1,1,0,0,60480
609,1,1,0,1,1,0,0,1,1,1,4,79826
610,0,1,0,1,0,1,0,1,1,0,4,75400
611,0,0,0,1,1,1,1,0,0,0,2,57222
612,1,1,0,1,0,1,1,0,1,1,4,79791
613,1,0,1,0,0,0,1,0,0,1,10,92035
614,1,1,1,1,0,1,1,1,1,1,6,96274
615,0,1,1,0,1,1,0,0,1,1,1,61885
616,1,1,1,0,0,0,0,1,1,1,10,95526
617,1,1,1,0,1,1,0,0,0,0,0,55238
618,1,1,0,0,0,0,1,1,0,1,1,55045
619,1,0,0,1,0,1,0,1,0,1,5,73175
620,0,0,0,0,0,0,1,0,1,1,6,67903
621,1,0,0,0,1,1,0,1,1,1,1,63747
622,0,0,0,0,1,1,0,1,1,0,5,70952
623,0,0,1,0,0,0,0,1,0,1,0,44344
624,0,1,1,0,1,0,0,0,1,0,6,69470
625,0,0,1,0,0,1,1,0,0,1,3,61879
626,1,1,0,1,1,1,0,0,1,0,10,101704
627,0,0,1,0,1,0,1,0,0,0,10,88780
628,0,0,0,1,1,1,0,1,0,0,1,55478
629,1,1,1,0,1,1,0,0,0,1,9,92386
630,0,0,0,1,0,0,0,0,1,1,1,46153
631,0,0,1,1,1,0,1,1,0,0,0,50076
632,0,1,1,1,0,0,0,0,1,1,1,61385
633,1,1,0,0,1,1,1,1,0,1,6,90728
634,1,1,1,1,0,1,0,1,0,0,10,98754
635,0,1,1,0,0,0,1,0,1,0,10,94150
636,1,1,0,1,0,1,1,1,1,1,0,72360
637,1,1,0,0,1,0,0,0,0,1,8,81703
638,1,0,0,1,1,0,1,0,0,0,4,61287
639,1,0,1,0,0,1,0,1,0,0,2,55784
640,0,1,1,1,0,0,1,1,1,0,8,89476
641,0,1,0,0,1,1,1,0,1,1,10,100547
642,1,1,0,0,0,0,0,1,1,1,0,51967
643,1,1,1,0,0,0,1,1,1,1,5,82349
644,1,1,1,0,0,0,1,1,0,0,0,55845
645,1,1,1,1,0,0,0,1,0,1,3,69132
646,1,0,1,1,1,1,0,0,0,1,9,96514
647,0,1,0,1,1,0,0,0,1,0,3,58184
648,0,0,1,1,0,0,1,1,0,0,6,75155
649,0,1,0,1,1,1,1,1,1,0,4,77740
650,0,0,0,0,0,0,1,0,1,1,3,53553
651,0,0,1,0,1,1,0,1,1,0,5,74403
652,1,1,1,1,0,1,0,1,0,0,8,91641
653,1,1,1,0,0,1,1,1,1,0,4,76718
654,0,1,1,0,0,0,0,0,0,0,8,69901
655,1,1,0,1,0,0,0,0,0,0,7,71425
656,0,0,0,0,1,1,1,0,0,1,5,71399
657,0,0,0,1,0,1,1,1,1,0,5,78714
658,0,1,0,0,1,1,1,1,1,1,7,95033
659,1,1,0,0,1,0,1,1,1,1,7,88610
660,0,1,0,0,1,0,0,1,1,0,1,51084
661,0,1,1,1,1,0,1,0,0,0,0,50009
662,0,0,0,1,1,0,1,1,1,0,3,67098
663,0,0,0,0,1,1,0,1,0,0,8,81119
664,1,1,1,1,1,0,0,0,1,0,4,80174
665,1,1,0,0,1,0,0,1,0,0,8,83402
666,1,0,1,0,1,0,0,1,0,0,8,79547
667,0,0,0,0,0,0,1,1,0,1,6,71690
668,1,1,0,0,1,1,1,1,0,0,10,102546
669,0,0,1,0,1,0,1,0,1,0,2,57096
670,0,1,1,1,1,1,1,0,1,0,5,85665
671,1,0,0,0,1,0,1,1,0,1,8,85372
672,1,1,0,0,0,1,1,1,1,1,6,84079
673,0,0,1,1,0,0,0,1,1,0,2,54757
674,0,0,1,1,0,0,0,1,1,1,1,60274
675,0,0,0,1,1,0,0,1,1,0,6,74497
676,1,1,1,0,0,1,0,1,0,1,10,97687
677,0,0,1,0,1,1,0,0,0,0,8,80939
678,0,0,0,1,1,0,1,1,0,0,7,79283
679,0,0,0,0,1,0,1,1,1,1,1,55700
680,0,0,1,0,1,0,1,1,0,1,0,59515
681,1,1,1,0,0,1,0,1,1,1,8,98691
682,0,0,0,1,1,0,1,1,1,0,7,83144
683,1,1,1,0,1,0,1,1,0,1,0,62604
684,0,0,0,1,1,0,1,1,1,0,10,91118
685,0,0,0,0,0,1,1,0,1,0,5,69617
686,1,1,1,1,0,1,1,0,0,1,4,84910
687,0,0,1,1,0,1,1,0,1,0,4,70561
688,1,1,0,1,0,1,0,0,1,1,6,83907
689,0,1,0,0,1,0,0,0,0,1,3,52738
690,1,0,1,0,0,1,0,1,1,0,3,67695
691,1,0,1,0,1,0,1,1,1,0,6,84334
692,1,0,0,1,1,1,1,1,1,0,6,88248
693,1,0,0,1,0,1,1,0,1,0,3,69936
694,1,1,0,1,0,0,1,1,1,0,7,87861
695,0,0,1,1,1,1,0,0,0,0,10,88644
696,0,1,1,1,0,1,0,0,1,0,7,85953
697,1,0,1,0,0,1,1,0,0,0,3,63852
698,1,0,1,0,1,0,0,1,0,1,7,81212
699,0,1,1,1,1,0,0,0,1,1,8,92593
700,0,0,1,0,0,0,1,0,1,0,2,57591
701,0,1,1,0,1,0,0,1,0,1,2,60967
702,1,0,0,0,1,0,0,0,0,0,5,62166
703,1,0,1,1,1,1,1,1,1,1,8,104078
704,1,0,1,1,1,0,0,1,1,0,7,90312
705,0,0,0,1,1,0,1,1,1,1,10,103767
706,0,1,1,1,0,1,1,1,1,1,2,74398
707,1,1,0,1,0,1,1,0,0,0,6,77625
708,1,0,0,1,1,1,0,0,0,1,4,74114
709,0,1,0,0,1,1,0,1,1,1,5,75441
710,0,0,1,1,1,1,1,0,1,0,3,69997
711,0,0,0,0,0,0,1,1,0,1,9,79034
712,1,0,0,0,1,1,1,0,1,0,5,71233
713,0,1,1,0,1,0,1,0,1,0,0,56469
714,1,1,1,1,0,1,1,1,1,1,6,99087
715,1,0,1,0,1,0,0,1,1,0,5,70144
716,1,0,1,1,0,0,1,1,0,1,0,64674
717,0,1,1,0,1,1,1,0,0,1,4,79697
718,0,1,1,0,0,1,1,1,0,0,3,63128
719,1,0,0,0,0,1,1,0,1,0,1,54337
720,0,1,0,1,0,1,1,1,0,1,5,79209
721,1,0,0,1,1,0,0,1,0,1,8,85536
722,1,0,1,0,1,1,0,1,1,0,4,76408
723,1,0,1,1,1,0,1,1,0,0,4,75983
724,0,1,0,0,1,0,0,0,1,0,6,70385
725,1,1,0,0,0,1,1,1,1,0,5,78176
726,0,1,1,1,1,0,0,1,0,0,4,68453
727,0,1,1,1,0,0,1,0,1,0,8,90405
728,0,0,1,0,0,1,0,1,0,0,10,83928
729,1,1,0,1,1,1,1,1,1,0,8,105693
730,0,1,0,1,1,1,0,1,0,0,0,50336
731,0,1,0,1,0,1,0,0,1,0,1,52645
732,0,1,1,0,0,1,1,0,0,0,9,86102
733,0,1,0,0,0,1,0,1,1,1,5,78914
734,0,1,0,1,1,0,1,0,1,0,1,54734
735,1,0,1,1,1,1,0,0,0,1,7,90480
736,1,1,0,0,1,0,1,0,1,1,8,89159
737,0,0,1,0,0,0,0,0,1,0,2,46683
738,0,1,0,1,0,0,0,0,0,0,6,65460
739,1,1,0,1,1,0,1,0,0,1,5,79469
740,1,0,1,1,1,0,0,0,1,0,6,82309
741,0,0,1,1,1,0,1,0,0,0,8,80772
742,1,1,1,1,0,1,1,0,0,0,7,83857
743,1,0,0,0,1,0,0,0,0,0,2,47089
744,0,1,1,0,0,0,1,1,0,0,10,92406
745,1,0,0,1,0,1,0,1,1,1,6,80294
746,1,0,1,0,0,1,0,0,0,0,8,72354
747,0,1,1,0,1,0,0,0,0,1,6,77879
748,0,1,0,0,0,1,1,0,1,0,6,69085
749,1,0,0,0,0,0,1,0,1,0,3,59920
750,0,0,0,0,1,0,1,1,0,0,8,81068
751,1,1,0,0,1,1,1,1,0,1,10,101196
752,0,1,0,0,0,1,1,0,1,0,7,76031
753,0,1,0,0,0,0,0,1,0,0,10,78213
754,0,0,0,0,1,0,0,1,1,0,10,81210
755,1,0,1,1,1,1,0,0,1,0,4,76316
756,0,0,1,0,0,0,0,0,0,1,3,56808
757,1,1,1,1,1,0,1,0,1,0,9,102818
758,0,0,0,0,0,0,0,1,1,0,6,62739
759,0,1,1,1,0,0,1,1,1,0,3,69816
760,0,0,1,0,1,0,1,1,1,0,0,55441
761,1,0,0,0,0,0,0,1,0,1,9,78970
762,0,0,1,0,1,1,0,0,0,0,5,69591
763,0,1,0,0,0,0,0,1,1,0,6,72393
764,1,0,0,1,1,0,0,1,1,0,1,63186
765,1,1,1,1,1,0,0,1,1,0,6,87426
766,0,1,0,0,1,1,1,0,1,0,6,82168
767,1,0,1,1,1,0,1,0,0,0,10,95604
768,0,1,0,0,1,0,1,1,1,1,7,87728
769,0,0,0,1,1,1,1,1,1,1,1,65403
770,0,1,0,1,0,0,1,1,1,1,2,69608
771,1,1,0,0,1,0,0,1,0,1,7,81172
772,1,1,1,1,1,0,1,0,0,0,0,61704
773,1,1,1,0,0,0,1,0,0,1,7,82398
774,1,0,0,1,1,1,0,1,0,1,6,83046
775,1,0,0,0,0,0,1,1,1,0,8,80991
776,1,0,0,1,1,0,1,0,1,1,2,68658
777,1,0,1,0,0,1,1,1,1,1,4,76520
778,0,1,1,0,0,1,0,1,0,1,7,82873
779,1,1,0,0,0,1,0,1,0,1,9,88413
780,1,1,0,0,1,1,1,1,1,1,0,67219
781,0,1,0,1,1,0,0,1,1,1,8,92089
782,1,1,1,1,0,1,0,1,1,1,10,106089
783,1,0,1,1,0,1,0,0,0,1,0,57577
784,1,0,0,0,0,0,0,1,1,1,7,77219
785,0,1,1,0,0,1,1,1,1,1,8,95536
786,1,1,0,1,0,0,1,0,0,1,7,82954
787,0,0,0,1,1,1,1,0,0,0,1,54132
788,0,1,1,1,1,0,1,0,1,0,5,77199
789,1,0,0,0,1,1,1,0,1,0,4,72823
790,0,0,1,0,0,0,0,1,1,0,8,80544
791,0,0,0,1,1,1,1,0,1,0,3,68611
792,1,0,0,0,1,0,0,0,1,0,0,40320
793,1,1,0,0,0,1,0,1,1,1,0,57143
794,1,1,1,1,0,0,0,1,0,1,8,90598
795,0,0,0,0,0,0,0,0,0,0,7,57067
796,1,0,1,1,1,1,0,0,0,0,2,65916
797,0,1,0,0,0,1,0,1,0,0,10,82348
798,0,0,0,1,1,1,0,0,1,1,8,89337
799,0,0,0,0,0,1,0,1,1,0,9,85479
800,1,1,1,1,0,1,0,0,0,1,9,100738
801,1,1,1,1,1,0,1,0,1,1,2,76073
802,1,1,0,0,0,1,1,1,1,1,0,69345
803,0,1,1,1,1,0,0,1,0,0,7,83668
804,1,1,0,0,1,0,1,1,0,0,10,96447
805,0,0,1,1,1,0,0,1,0,1,8,89905
806,1,0,1,1,0,1,1,0,0,0,4,72062
807,1,0,0,1,1,0,0,1,1,0,4,74381
808,1,1,1,0,1,1,0,0,1,1,0,63705
809,1,1,1,1,1,1,0,0,0,1,3,81572
810,0,1,1,1,0,1,1,0,1,1,7,92204
811,1,1,1,1,0,1,1,0,0,0,4,74335
812,1,0,0,1,1,0,1,0,1,1,4,72651
813,0,0,0,1,0,0,1,0,0,1,10,85790
814,0,1,1,1,0,0,1,1,1,0,4,79263
815,0,0,0,0,1,1,0,1,1,0,10,93776
816,1,1,1,1,1,0,1,0,1,1,9,102328
817,1,1,0,0,1,0,0,1,0,0,1,55244
818,1,0,1,0,0,1,0,1,0,1,7,86939
819,0,0,1,1,0,0,1,0,0,1,4,68108
820,1,1,0,1,1,1,1,0,0,0,5,78453
821,0,0,0,1,1,1,1,1,1,0,7,85612
822,0,0,1,1,0,0,1,1,1,1,3,67741
823,1,1,1,1,0,0,0,1,1,1,10,107845
824,1,1,1,1,1,0,1,0,1,0,7,97178
825,1,1,1,1,1,0,0,0,1,1,9,98110
826,1,1,1,1,1,1,1,1,1,1,6,105150
827,1,0,1,1,1,0,1,0,1,1,1,64626
828,0,1,1,1,0,0,0,1,0,1,10,92685
829,0,0,1,0,1,1,1,1,0,1,3,73071
830,0,1,1,0,0,1,0,1,1,0,3,67282
831,1,0,1,0,1,1,0,1,0,1,0,63010
832,0,1,1,1,0,0,1,1,0,0,6,83510
833,1,0,1,1,1,0,1,0,1,0,5,80544
834,0,1,1,0,0,0,0,0,0,1,8,77632
835,0,0,1,0,0,1,0,0,0,0,8,76031
836,0,0,0,0,0,1,1,1,1,1,0,55487
837,1,1,1,1,1,0,1,1,0,1,5,89257
838,0,1,1,1,0,1,0,0,1,0,5,70872
839,1,1,1,0,1,0,0,1,0,1,4,75716
840,1,0,1,1,0,1,1,0,0,0,0,50095
841,1,0,1,0,0,0,0,0,0,0,1,39099
842,1,0,1,0,1,1,1,0,0,0,10,92157
843,0,0,1,1,0,1,0,1,0,1,0,54033
844,1,1,0,0,1,1,0,1,1,1,5,88092
845,1,1,0,1,1,1,1,0,0,0,8,88216
846,0,0,0,1,1,0,1,0,0,0,9,80674
847,0,1,1,0,1,0,0,0,1,0,0,47003
848,1,0,0,0,1,0,0,1,0,1,6,75288
849,1,1,1,1,1,1,0,1,0,1,4,85898
850,0,1,0,1,0,1,1,0,0,0,1,57604
851,0,1,0,0,0,0,1,0,0,0,2,47769
852,0,0,1,1,1,0,0,1,0,0,7,78094
853,1,1,0,0,0,1,0,1,1,0,5,70086
854,1,0,1,1,1,0,1,0,0,1,2,63482
855,1,1,1,0,1,0,0,0,0,0,0,47916
856,1,1,1,0,0,0,0,1,0,1,9,93701
857,0,0,0,0,0,1,0,0,0,0,0,35522
858,1,1,1,1,0,0,0,1,0,0,3,67403
859,1,0,0,0,0,0,1,0,0,0,2,43489
860,1,0,1,0,1,0,0,1,1,1,2,66059
861,1,1,1,0,0,0,0,1,0,1,9,86615
862,1,1,1,1,0,1,0,0,0,1,5,78148
863,1,1,0,1,1,1,1,1,1,0,7,100256
864,1,0,0,0,0,1,0,1,0,0,5,66262
865,1,1,0,0,0,0,1,0,1,1,3,63569
866,1,1,0,1,1,0,0,0,1,0,9,89655
867,0,0,0,0,0,0,1,0,0,0,10,73620
868,1,0,1,1,1,1,1,1,0,1,5,87192
869,1,1,0,1,1,0,0,1,0,1,2,64171
870,0,0,0,1,1,1,1,0,1,1,8,94409
871,0,1,0,1,1,0,1,1,0,0,3,68244
872,1,1,1,0,0,0,1,0,0,0,0,53913
873,0,1,1,1,1,0,1,0,0,0,7,82768
874,0,1,0,0,0,1,0,0,0,1,9,76341
875,0,0,1,1,0,0,1,0,1,0,3,59298
876,1,0,1,1,0,1,0,1,0,1,9,93037
877,0,1,0,0,1,1,1,0,1,0,5,73488
878,1,1,0,1,0,1,1,1,1,1,10,106218
879,1,0,1,1,1,1,0,0,1,1,3,76943
880,1,0,0,1,1,0,0,1,1,1,9,92521
881,0,1,0,0,1,1,1,0,0,0,9,83523
882,0,0,1,0,0,1,1,1,1,0,6,77778
883,1,1,1,0,0,1,1,1,1,0,5,80772
884,1,1,1,0,1,1,1,0,1,1,3,82941
885,0,1,0,1,1,1,1,0,0,1,1,64674
886,0,1,1,1,1,0,1,1,0,1,7,93237
887,0,1,0,0,1,0,0,1,1,1,3,65104
888,1,1,0,0,1,0,1,0,1,1,7,85208
889,1,0,0,0,1,0,1,0,1,1,9,92847
890,1,1,1,1,0,0,1,0,1,1,0,61674
891,1,1,0,1,1,1,0,0,0,1,8,90591
892,0,1,1,0,0,0,1,1,1,0,4,67398
893,1,0,0,0,1,1,1,1,1,0,9,95371
894,1,1,0,1,1,0,0,1,1,0,5,81085
895,1,1,0,0,1,0,0,1,1,0,2,60390
896,0,0,1,0,1,0,0,0,0,1,5,60013
897,0,0,1,1,0,0,0,1,1,1,5,75231
898,1,1,1,0,0,0,1,0,0,0,1,57680
899,1,1,1,1,1,0,1,1,0,1,4,81690
900,1,0,0,0,1,1,1,0,1,1,8,88671
901,1,1,1,1,0,0,0,1,1,0,4,78658
902,1,0,0,1,1,0,1,1,0,1,8,88332
903,1,1,0,0,0,1,0,0,1,1,8,89228
904,1,1,1,0,1,1,1,0,0,1,1,70915
905,1,1,0,0,0,0,1,1,1,1,9,91250
906,1,1,0,1,1,0,1,1,0,0,2,71568
907,0,1,0,0,1,1,0,1,1,1,4,78844
908,1,1,0,0,1,1,1,0,0,0,3,65629
909,1,1,1,0,1,0,0,0,0,0,1,55049
910,0,0,1,0,0,0,1,1,1,1,4,70736
911,0,1,0,0,0,1,0,1,1,1,6,76042
912,0,1,1,0,1,0,1,0,1,1,3,76355
913,1,0,1,1,0,1,0,1,0,0,6,80893
914,0,0,0,0,1,1,0,0,1,1,9,81910
915,1,0,0,0,1,0,1,0,0,1,8,83502
916,0,1,0,1,0,1,1,0,0,1,9,88040
917,0,1,0,0,0,1,0,0,0,1,10,88507
918,1,0,1,0,0,1,1,1,0,0,3,64330
919,0,0,1,0,1,0,0,0,1,0,10,86116
920,0,1,1,1,1,1,1,0,0,1,10,107742
921,1,0,0,1,1,0,1,1,1,0,0,60699
922,0,1,0,0,0,0,1,1,0,1,2,53048
923,0,0,0,1,0,1,1,0,0,1,4,65279
924,0,0,1,0,1,0,0,1,1,0,1,57684
925,1,1,0,1,1,0,0,0,0,0,2,54254
926,1,1,1,1,1,0,1,1,1,0,7,94078
927,1,0,1,0,0,0,0,0,0,0,10,75291
928,1,0,1,0,1,0,1,0,1,1,8,91880
929,0,1,1,1,1,0,0,0,0,0,9,90007
930,1,0,0,1,0,1,0,0,1,0,3,66248
931,0,0,1,1,1,0,1,0,1,0,6,82395
932,1,0,1,0,0,1,1,0,0,0,1,58278
933,0,0,0,1,1,1,0,1,0,1,1,63668
934,0,1,1,1,1,0,0,1,0,1,3,73858
935,0,1,0,1,0,1,0,0,0,1,4,64393
936,0,0,0,1,0,1,1,1,0,0,0,50947
937,0,1,0,1,0,1,1,1,1,0,9,93251
938,0,0,0,0,1,0,1,0,1,0,7,71430
939,0,1,0,1,0,0,0,0,0,0,5,58609
940,1,0,0,1,1,0,1,0,0,0,8,83831
941,0,1,1,0,1,0,1,1,0,0,6,77591
942,0,1,1,1,1,1,0,1,0,1,10,100417
943,1,0,0,0,0,1,0,1,1,0,5,65678
944,1,0,0,0,1,0,0,0,1,1,6,69406
945,1,0,1,1,0,0,1,0,0,0,5,72311
946,1,1,1,0,1,1,0,1,0,1,3,77391
947,0,1,1,0,1,1,0,1,0,1,9,96609
948,0,1,0,0,1,0,0,1,1,0,5,65827
949,0,0,1,0,0,1,1,1,0,1,10,90061
950,0,0,1,1,1,0,1,1,1,0,1,59798
951,0,0,0,0,0,1,1,1,0,0,2,50429
952,1,1,1,1,1,1,0,1,0,1,0,67239
953,0,0,1,0,1,0,1,1,1,1,7,85484
954,0,1,0,0,0,1,0,0,1,0,10,83429
955,0,0,1,1,1,0,1,1,1,0,5,81832
956,0,1,0,0,1,1,1,0,0,0,5,68489
957,1,0,0,0,0,0,1,0,1,0,3,56899
958,0,0,0,0,0,1,1,0,0,1,10,84290
959,1,0,0,1,1,1,1,0,1,1,0,68690
960,1,1,0,0,0,1,0,0,0,0,1,51769
961,1,1,0,0,1,1,1,1,1,1,10,105837
962,1,0,1,1,1,1,1,1,1,0,3,86987
963,1,0,0,1,1,0,0,1,1,1,9,95428
964,1,1,1,1,0,1,1,0,1,0,3,78067
965,0,1,0,0,0,1,1,1,1,0,0,53631
966,0,1,1,1,0,1,1,0,0,0,7,87119
967,1,1,0,0,1,0,0,0,1,1,2,59423
968,0,1,0,1,1,0,1,0,0,0,4,70226
969,0,0,1,1,1,1,1,0,1,1,8,92693
970,0,0,0,0,0,0,1,1,0,1,6,67096
971,1,0,1,0,1,1,0,0,0,1,8,82955
972,1,1,0,1,0,1,1,1,1,0,2,69637
973,0,1,1,0,1,0,1,0,0,1,7,79748
974,0,0,1,1,1,1,0,1,0,0,1,59024
975,0,0,1,1,1,1,0,0,0,0,9,89565
976,0,0,1,1,1,1,1,1,0,0,1,60998
977,1,0,1,1,0,0,1,0,0,1,8,85611
978,1,1,1,0,1,1,0,1,0,1,3,81578
979,0,1,1,0,0,0,0,1,0,0,7,73966
980,1,1,1,1,1,0,0,1,1,0,3,72635
981,1,1,1,1,0,0,0,0,0,1,10,98967
982,1,0,0,1,1,0,0,0,1,1,9,87769
983,1,0,0,1,0,0,0,0,1,0,0,44688
984,1,0,0,1,1,0,1,0,1,0,0,53621
985,1,0,1,1,1,1,0,1,0,0,8,89894
986,0,0,1,0,0,1,0,0,0,0,9,80256
987,1,1,0,1,1,0,0,0,1,1,3,68430
988,0,1,1,0,0,0,1,0,0,0,5,60875
989,1,0,1,1,1,1,1,0,0,0,0,60560
990,0,0,1,0,0,1,0,0,0,1,4,62374
991,0,0,0,0,1,0,0,1,0,1,4,57768
992,1,0,1,0,0,0,0,1,1,0,4,65645
993,1,1,0,0,0,1,0,1,1,1,0,64014
994,0,0,0,0,0,1,0,0,0,1,5,63235
995,0,1,1,0,0,0,0,0,0,1,5,60360
996,1,1,1,1,1,1,0,0,0,1,8,93425
997,1,0,0,0,1,1,1,0,1,0,10,99911
998,1,1,1,0,1,1,0,0,1,0,8,89367
999,0,0,0,1,1,1,1,1,0,1,7,88406
1000,0,1,1,0,0,0,1,1,1,1,8,91644
1001,0,0,1,1,0,1,1,1,1,0,4,80016
1002,0,0,1,0,1,0,0,1,0,0,10,81347
1003,1,1,0,0,1,0,1,1,1,1,2,74329
1004,0,0,0,0,1,0,0,0,1,1,5,62287
1005,1,0,0,1,1,0,1,1,1,0,4,80236
1006,0,1,1,0,0,1,1,0,1,1,4,77526
1007,1,1,0,1,0,1,1,1,1,1,3,77810
1008,0,1,0,0,0,0,1,1,0,1,5,72207
1009,1,1,1,0,0,0,0,0,1,0,5,66833
1010,1,0,0,0,0,1,1,0,0,0,6,71752
1011,0,0,0,0,1,1,0,1,0,1,2,53339
1012,1,0,1,1,1,0,0,1,0,1,1,63445
1013,1,1,0,0,1,0,0,0,0,0,9,79355
1014,0,1,1,1,1,1,0,0,1,0,10,104306
1015,1,1,1,0,1,1,1,1,1,1,9,111317
1016,0,0,1,1,1,0,1,0,1,1,3,67644
1017,0,1,0,1,1,1,0,0,0,1,8,86289
1018,0,1,1,0,1,0,0,1,0,1,9,88964
1019,0,0,1,1,1,1,0,1,0,1,10,99263
1020,1,1,0,1,0,1,0,1,1,0,7,88104
1021,1,0,1,1,1,0,0,1,0,1,2,64554
1022,1,0,0,0,0,1,0,1,1,0,8,78487
1023,0,1,1,0,1,0,0,1,1,1,0,59621
1024,1,1,0,1,1,1,0,0,1,0,8,90805
1025,0,1,1,1,1,1,0,0,1,1,2,71129
1026,1,1,1,0,0,1,0,0,0,0,3,58388
1027,0,1,1,0,0,0,0,0,1,0,7,68550
1028,1,1,1,0,1,0,0,0,0,1,5,73959
1029,0,1,0,0,0,0,1,0,0,0,10,81425
1030,1,1,1,0,1,0,1,0,1,0,5,76573
1031,0,1,0,0,0,0,1,1,1,1,10,97661
1032,0,1,1,0,1,0,1,1,1,0,0,63048
1033,0,0,1,0,1,1,0,1,0,1,3,67467
1034,1,1,1,1,0,1,0,1,1,0,7,92266
1035,1,0,0,0,1,1,1,0,1,1,1,64976
1036,0,1,1,0,1,0,1,0,1,1,9,92902
1037,1,1,1,0,1,1,0,1,1,1,0,67717
1038,1,0,0,0,1,1,0,1,1,1,1,65410
1039,1,0,0,1,0,0,1,1,1,1,7,83992
1040,0,0,1,0,0,1,0,0,0,0,2,50845
1041,1,1,0,1,1,1,1,1,0,0,3,80133
1042,1,0,0,0,1,0,0,1,1,1,6,75751
1043,0,0,0,1,1,1,0,0,0,1,6,71691
1044,0,0,0,0,1,0,1,0,0,1,0,49047
1045,0,0,1,1,0,1,1,1,0,0,9,94985
1046,0,1,1,0,1,1,0,0,0,1,3,62396
1047,0,0,0,0,0,1,1,0,0,0,8,73596
1048,0,1,0,1,0,0,1,1,1,1,9,99619
1049,1,0,0,1,1,0,0,0,1,1,1,61698
1050,1,0,1,1,0,0,1,0,1,1,9,95170
1051,0,0,0,1,0,0,0,0,0,0,3,45838
1052,1,0,0,1,0,0,0,0,1,0,6,69476
1053,0,0,0,0,1,1,0,1,0,0,0,44108
1054,0,1,0,1,0,0,1,0,1,0,9,85057
1055,0,1,0,1,1,0,1,1,0,1,9,98296
1056,0,1,0,0,1,0,1,0,1,0,4,61656
1057,0,0,0,0,1,1,1,0,0,1,5,73755
1058,0,1,0,0,1,1,1,1,0,0,9,91265
1059,0,0,0,0,0,1,0,1,1,0,0,48853
1060,1,1,1,1,1,0,0,1,1,0,9,96244
1061,0,0,1,0,1,0,0,0,0,1,6,65234
1062,0,0,1,0,1,1,1,0,0,1,5,78780
1063,0,0,0,0,1,0,0,1,1,1,9,83108
1064,0,0,1,0,1,0,0,1,1,1,2,58182
1065,1,0,1,1,1,1,0,0,0,0,9,88435
1066,1,1,0,1,1,1,1,0,0,1,6,84360
1067,0,0,0,1,1,0,1,0,0,0,10,81146
1068,1,1,0,0,1,0,0,0,1,1,10,92793
1069,1,0,1,0,1,0,1,1,1,1,7,96253
1070,1,0,1,0,1,1,1,1,0,1,4,83129
1071,0,1,0,0,0,0,0,1,0,0,5,58570
1072,0,0,1,0,1,0,0,0,1,1,10,85743
1073,0,1,0,0,0,1,1,1,1,1,4,71451
1074,0,0,1,0,1,0,1,0,1,0,8,86194
1075,0,1,1,0,1,1,0,0,1,1,2,70935
1076,1,0,1,0,0,1,1,1,0,0,6,75956
1077,1,0,0,1,1,1,0,1,1,0,9,100323
1078,1,0,1,1,0,0,0,0,0,0,9,81399
1079,1,1,0,1,0,0,0,1,1,1,2,63932
1080,1,1,1,0,0,0,1,0,1,0,7,80782
1081,0,1,0,1,0,0,0,1,0,1,6,69896
1082,0,1,0,1,0,1,1,0,0,0,7,82122
1083,0,0,1,1,0,1,0,1,1,0,9,88110
1084,1,1,0,0,1,1,0,1,0,1,8,90428
1085,0,1,0,0,1,1,0,1,0,1,7,82930
1086,1,0,0,0,1,0,1,1,1,1,0,55555
1087,0,1,1,1,1,0,0,1,1,1,9,101447
1088,1,1,0,1,0,1,0,1,0,1,0,58819
1089,1,0,0,1,0,1,0,0,0,1,2,59391
1090,0,1,0,0,1,0,0,0,1,0,4,57937
1091,1,1,0,0,1,1,1,1,1,0,0,66658
1092,0,1,0,1,0,1,1,1,0,1,5,81276
1093,0,0,1,1,0,0,1,0,0,1,4,61158
1094,1,1,1,1,1,0,1,1,1,0,3,85187
1095,0,0,1,1,1,0,1,0,1,0,2,67889
1096,1,0,1,1,0,1,0,0,1,1,6,84028
1097,1,0,1,0,0,0,0,0,0,0,3,51694
1098,0,0,0,1,0,0,1,1,0,0,3,60337
1099,0,0,1,1,0,0,0,0,1,0,3,52302
1100,0,1,0,0,1,0,1,1,1,1,4,77640
1101,1,1,0,1,0,1,1,1,0,0,4,78890
1102,0,0,1,1,1,1,1,0,0,0,6,83354
1103,0,1,0,0,0,0,0,1,0,0,7,66212
1104,0,1,1,1,0,1,1,0,0,1,6,87641
1105,1,1,1,1,1,0,0,1,0,0,10,104490
1106,0,0,0,1,0,0,0,0,1,0,4,57469
1107,0,1,0,0,1,0,0,1,1,1,7,85573
1108,1,0,1,1,1,0,1,1,1,1,3,78940
1109,0,1,0,1,1,0,0,1,1,1,5,78547
1110,1,1,0,0,0,1,0,1,1,1,0,62757
1111,0,0,0,1,1,0,1,1,0,0,1,55548
1112,1,0,1,1,1,1,1,0,0,1,2,76750
1113,1,1,0,0,1,0,1,1,1,1,7,94066
1114,1,0,0,0,0,0,0,1,0,0,7,63556
1115,1,1,0,1,1,0,0,0,0,0,2,61982
1116,0,1,1,0,0,0,0,1,0,0,7,72981
1117,0,1,0,0,1,0,1,1,0,0,7,78634
1118,1,0,1,1,0,0,1,1,0,0,3,70885
1119,0,0,0,0,0,1,0,1,0,1,3,55542
1120,1,0,1,0,0,1,1,1,0,0,6,77856
1121,0,0,1,1,1,0,0,1,1,0,7,83537
1122,0,1,1,1,1,1,0,1,1,0,7,88943
1123,1,1,1,1,0,1,1,1,1,0,10,109902
1124,1,0,1,0,0,0,1,0,0,0,1,46530
1125,1,0,1,0,1,1,1,1,1,0,9,101187
1126,1,1,0,0,1,0,0,1,0,1,4,69346
1127,0,0,0,1,1,1,1,0,0,0,6,76053
1128,1,0,0,0,1,1,0,1,0,0,10,86623
1129,0,0,1,0,1,1,0,1,1,0,5,75096
1130,1,0,0,1,0,0,0,1,0,0,7,76476
1131,0,0,0,0,1,1,1,1,1,1,8,94371
1132,1,1,0,0,0,0,1,0,1,0,10,93181
1133,1,0,0,1,1,1,1,0,0,1,1,65576
1134,1,0,1,1,0,1,1,1,0,0,3,67694
1135,1,0,1,1,0,1,1,1,1,1,6,95914
1136,1,1,1,0,1,1,0,1,0,0,2,64648
1137,0,0,1,1,0,1,1,1,0,1,3,70324
1138,0,1,1,0,0,0,0,1,0,0,7,70393
1139,1,1,0,0,0,1,1,0,0,1,1,59664
1140,1,0,0,1,1,1,1,1,1,1,1,76602
1141,0,0,0,1,0,0,1,1,1,1,6,81369
1142,0,1,1,1,0,0,1,0,0,1,6,75826
1143,1,1,0,1,1,1,1,1,0,1,5,92777
1144,0,0,0,0,1,0,1,1,0,1,4,70636
1145,1,0,1,1,1,0,1,0,1,1,9,97712
1146,1,0,0,0,1,0,1,1,0,0,8,86447
1147,0,0,1,1,0,1,0,0,0,0,3,61121
1148,0,0,0,0,0,1,0,0,0,1,2,52922
1149,1,0,1,1,1,0,1,1,1,0,10,104290
1150,0,0,0,1,1,0,1,0,1,1,4,71807
1151,1,0,1,1,0,1,0,0,0,1,6,83754
1152,1,1,0,1,0,1,1,1,1,0,3,72582
1153,0,0,1,1,0,0,0,0,1,1,0,48859
1154,1,0,1,1,0,0,0,1,0,0,4,61811
1155,1,1,0,0,0,0,0,1,0,1,3,57145
1156,1,1,1,1,1,1,0,1,0,1,3,81897
1157,1,1,1,1,0,1,1,0,0,1,1,67709
1158,1,0,1,0,0,1,1,1,0,1,4,72738
1159,0,0,0,1,0,0,1,1,0,0,2,55294
1160,1,1,0,0,0,0,1,0,1,1,10,95180
1161,0,0,0,0,1,0,1,0,0,0,6,68525
1162,1,0,0,0,0,1,1,0,0,1,1,56911
1163,0,1,0,1,1,1,0,0,0,1,2,60638
1164,0,1,0,0,0,0,1,0,1,1,3,64344
1165,1,1,0,1,1,0,1,0,0,1,9,98161
1166,0,0,0,0,0,0,0,0,0,1,6,56506
1167,0,0,1,0,1,0,0,1,1,1,5,72821
1168,0,0,0,1,1,1,0,0,1,0,5,67943
1169,1,0,1,1,1,0,0,1,0,1,7,91211
1170,1,0,0,1,1,0,0,0,1,0,0,47576
1171,1,1,0,0,1,1,1,1,1,0,7,89886
1172,1,0,1,0,1,0,0,1,0,1,4,67143
1173,1,1,0,0,0,1,0,0,0,0,4,56513
1174,0,1,1,0,0,1,1,1,0,1,9,98969
1175,0,1,1,0,0,1,0,0,0,0,1,49914
1176,1,0,1,0,0,1,1,1,0,1,2,68058
1177,0,1,1,1,1,1,1,1,0,0,5,84036
1178,1,0,0,0,1,0,1,0,1,1,1,60681
1179,1,0,0,0,0,1,0,1,1,0,9,83928
1180,0,1,0,1,1,1,1,0,1,0,6,82103
1181,0,1,1,1,1,0,1,0,1,1,2,75554
1182,0,0,0,1,0,1,0,0,0,0,9,78593
1183,1,0,0,0,1,0,1,0,1,0,1,51119
1184,0,1,1,0,1,0,0,1,0,1,4,70456
1185,1,0,1,0,1,0,1,1,1,1,4,83429
1186,1,1,1,1,1,0,0,1,0,0,8,95137
1187,1,1,1,0,0,0,0,0,1,1,0,51422
1188,0,0,0,0,0,1,1,1,1,0,2,62206
1189,0,1,1,0,0,1,1,1,1,0,1,63518
1190,0,1,1,0,0,1,1,0,1,1,10,98426
1191,1,1,1,1,0,0,1,1,1,1,8,102094
1192,0,0,0,1,1,0,1,1,0,1,3,67006
1193,1,1,0,0,1,1,1,1,1,1,2,80449
1194,0,1,1,0,1,0,1,0,1,0,4,69676
1195,1,0,0,0,1,1,0,0,0,1,3,61904
1196,0,0,1,0,1,1,1,0,1,0,9,92505
1197,1,1,1,0,0,1,1,1,0,1,2,71799
1198,1,1,0,1,1,1,0,1,1,1,3,80342
1199,1,1,1,0,1,1,0,1,0,0,8,92765
1200,0,1,0,0,0,0,1,1,0,0,2,54974
1201,0,1,0,0,1,0,1,1,1,1,7,90188
1202,0,1,0,0,1,1,1,0,1,0,7,87875
1203,1,1,1,1,1,0,0,1,0,0,0,55080
1204,1,1,1,1,0,0,1,1,0,0,6,88007
1205,1,1,0,1,1,0,1,1,0,0,2,64562
1206,1,1,0,0,1,0,0,1,1,1,7,87695
1207,1,0,1,1,0,0,1,0,1,0,1,56247
1208,0,1,1,1,0,1,1,0,0,1,6,86636
1209,0,0,0,1,0,0,0,0,0,1,4,60896
1210,1,0,1,0,1,1,1,1,1,0,8,96540
1211,0,0,1,1,1,0,0,0,0,1,9,81320
1212,0,1,0,1,1,1,1,1,1,1,3,78171
1213,1,1,1,0,1,0,1,0,1,1,7,93472
1214,0,0,1,0,1,0,0,0,1,1,6,73060
1215,0,1,1,0,0,1,0,1,1,1,7,90322
1216,1,1,0,1,1,1,0,1,0,1,9,100070
1217,1,0,0,1,1,1,0,1,1,1,2,75137
1218,0,0,0,1,1,0,0,0,1,1,6,71068
1219,1,0,0,0,0,0,0,1,1,0,3,60533
1220,1,0,1,1,0,0,0,1,1,1,2,71895
1221,0,1,1,1,1,1,0,1,1,0,8,94657
1222,0,0,0,0,1,1,0,0,1,0,10,80143
1223,1,1,0,1,0,1,0,0,1,0,4,70147
1224,1,1,1,0,0,1,0,0,0,0,3,60728
1225,1,0,1,1,0,0,1,1,1,1,2,77184
1226,1,0,1,0,1,1,1,1,0,0,3,69792
1227,0,1,1,0,1,0,0,1,1,0,0,58058
1228,0,1,1,0,0,0,1,1,0,1,2,65490
1229,0,0,1,0,1,1,1,0,0,1,0,55614
1230,0,1,0,1,0,1,0,1,0,0,1,57747
1231,1,0,0,0,0,1,1,1,0,1,2,62965
1232,1,1,0,0,1,1,1,0,0,0,2,65078
1233,1,1,1,1,1,0,0,1,0,1,0,61501
1234,1,1,0,0,0,0,0,1,1,1,10,92075
1235,1,0,1,1,1,0,1,0,1,0,2,66813
1236,0,0,1,1,1,1,0,0,0,1,8,90224
1237,1,0,1,0,1,0,0,1,0,1,5,73537
1238,1,0,0,1,0,0,0,1,0,0,3,58407
1239,0,0,1,0,0,0,1,1,0,1,4,69602
1240,1,1,0,0,0,1,0,0,0,0,0,45195
1241,1,1,0,0,1,0,1,0,1,0,3,66129
1242,1,0,1,0,0,0,0,1,1,0,6,78710
1243,0,0,0,1,1,1,0,1,0,0,6,77360
1244,0,1,0,0,1,1,0,0,1,0,5,70571
1245,0,0,0,0,1,0,0,1,0,1,8,81549
1246,1,0,0,0,1,0,0,0,1,0,10,86492
1247,0,0,0,0,1,1,0,0,1,0,7,76959
1248,1,0,0,1,0,1,0,0,1,0,3,65045
1249,0,0,0,1,0,1,0,1,0,0,3,60678
1250,0,0,1,0,1,0,1,0,0,1,2,60563
1251,1,1,0,0,1,0,1,0,0,1,5,74025
1252,1,1,1,1,1,0,0,1,1,0,5,85767
1253,1,0,1,1,0,1,1,1,1,1,2,81611
1254,1,0,1,1,1,0,0,0,0,0,7,78727
1255,1,0,0,0,1,0,0,0,1,0,1,50530
1256,1,0,0,1,0,1,0,1,0,1,10,96462
1257,1,1,1,0,1,0,1,0,0,1,10,100325
1258,1,1,1,1,0,0,1,1,0,1,1,66119
1259,0,1,1,1,1,0,0,1,1,1,8,98955
1260,0,1,1,0,1,1,1,0,0,0,1,56822
1261,0,1,0,1,0,0,0,1,1,1,2,62861
1262,1,1,1,1,0,1,0,1,1,1,7,99590
1263,0,1,0,1,0,1,1,1,1,1,8,96674
1264,0,1,1,0,0,1,0,1,0,1,3,66015
1265,0,1,0,0,1,1,1,1,0,0,3,64134
1266,0,1,1,1,0,0,0,0,1,0,2,57192
1267,0,0,1,0,1,1,1,1,0,0,5,72298
1268,1,0,1,1,1,0,0,1,1,1,2,75159
1269,0,1,1,0,1,0,0,1,0,1,9,91613
1270,1,1,1,0,0,1,0,1,0,0,5,77207
1271,1,0,1,1,1,0,0,1,0,0,0,58914
1272,0,1,1,0,1,0,0,0,0,1,10,93515
1273,1,1,0,1,1,0,0,1,1,1,10,109595
1274,1,0,0,0,1,1,1,0,0,1,0,51478
1275,0,1,0,1,0,1,0,0,0,1,0,50400
1276,0,1,0,0,0,0,1,1,0,0,0,49236
1277,0,1,0,1,1,1,0,1,0,1,1,66928
1278,0,0,1,1,0,1,0,0,0,1,5,74259
1279,1,1,1,0,0,1,1,0,1,1,7,91391
1280,1,1,1,0,0,1,1,1,1,1,0,67505
1281,1,0,1,0,1,0,1,0,0,1,7,82666
1282,1,1,1,1,1,0,0,0,1,1,7,97636
1283,0,1,1,1,0,1,0,0,1,0,2,65632
1284,1,1,1,0,1,0,1,1,0,1,10,100346
1285,1,0,1,1,0,1,0,1,0,0,9,91393
1286,1,0,1,0,0,1,1,1,1,0,4,75846
1287,0,1,1,0,1,0,1,0,1,0,5,72752
1288,1,0,1,1,1,0,0,1,1,1,10,104441
1289,0,1,1,0,1,0,1,1,0,1,4,75766
1290,0,0,0,1,0,0,0,0,1,0,0,39516
1291,0,0,0,0,1,1,1,0,0,0,4,56164
1292,0,0,0,0,1,0,1,1,0,1,1,50824
1293,0,1,0,0,1,0,0,1,0,0,10,89631
1294,1,0,0,1,0,0,0,0,0,0,8,73326
1295,0,0,1,1,1,1,0,1,1,1,3,80396
1296,1,0,0,1,1,0,1,0,0,1,0,56904
1297,1,0,0,1,1,0,0,0,0,1,9,83695
1298,1,1,0,1,0,0,1,0,0,1,3,65154
1299,0,1,0,1,0,1,1,0,1,1,0,57529
1300,0,1,0,1,1,1,1,0,1,0,1,63906
1301,1,1,0,0,0,0,1,0,0,1,9,83972
1302,0,1,0,1,0,1,1,0,0,0,7,80312
1303,0,1,1,0,0,1,1,0,1,1,6,82021
1304,1,0,0,1,0,1,1,1,0,1,6,84254
1305,0,1,1,0,1,1,0,1,1,1,6,92343
1306,1,0,1,0,1,0,1,0,0,0,10,92525
1307,1,0,1,1,1,0,1,1,1,1,7,97809
1308,1,0,1,0,0,1,1,1,0,0,3,66584
1309,1,1,0,0,1,1,0,0,1,0,2,64472
1310,1,0,1,0,1,1,0,0,0,1,8,88229
1311,1,1,0,1,0,1,1,1,1,1,9,104020
1312,0,1,0,0,0,1,0,0,0,0,5,55976
1313,1,0,1,0,1,0,1,1,0,0,9,86170
1314,0,0,0,0,0,0,0,1,1,1,6,65609
1315,0,0,0,0,1,1,0,1,1,0,0,49089
1316,0,0,0,1,0,0,1,1,1,1,8,88875
1317,0,1,1,0,0,0,0,0,1,0,9,84318
1318,0,1,0,0,0,0,0,0,1,0,1,40381
1319,0,0,1,1,1,1,1,1,0,0,10,103230
1320,1,0,1,0,0,1,1,1,1,0,1,63544
1321,0,0,1,1,0,1,1,0,0,0,9,82126
1322,0,0,0,0,0,1,0,1,1,0,10,80141
1323,1,1,1,1,0,0,1,1,0,1,10,100205
1324,0,0,0,0,1,1,0,1,1,1,1,62380
1325,1,0,1,0,0,1,0,1,1,0,2,58143
1326,1,1,1,0,0,0,0,0,1,1,6,78800
1327,0,1,1,0,1,0,0,1,0,0,5,65481
1328,1,1,1,0,1,1,1,1,1,0,2,74534
1329,1,1,0,0,0,1,0,1,0,0,4,68164
1330,0,1,0,0,0,0,0,1,1,1,0,53231
1331,0,0,1,0,0,0,0,0,0,1,2,43947
1332,1,1,0,1,1,0,1,1,1,1,8,105752
1333,1,0,0,1,0,0,1,0,0,1,6,69245
1334,0,0,1,1,0,0,0,1,1,0,3,60470
1335,1,0,1,0,1,0,0,1,0,1,0,52838
1336,0,1,1,0,1,1,0,1,0,1,7,87209
1337,1,0,0,0,0,0,0,0,1,1,1,51562
1338,0,1,1,0,0,1,0,0,1,1,10,94521
1339,1,0,1,0,1,0,0,1,1,1,10,102057
1340,1,1,0,0,0,0,1,0,0,0,5,63780
1341,1,0,1,1,1,0,0,0,1,0,5,71944
1342,1,0,0,0,0,0,0,0,1,0,10,78808
1343,0,0,1,1,1,1,0,0,1,1,5,77956
1344,1,1,0,1,1,0,1,0,0,0,10,91636
1345,1,1,1,1,0,1,0,0,1,1,3,77535
1346,1,0,1,0,0,0,1,1,0,1,0,51893
1347,1,1,1,0,1,1,1,0,0,0,8,93862
1348,1,1,1,1,1,0,0,1,1,0,5,83542
1349,1,0,1,0,0,1,0,0,1,0,2,57674
1350,1,1,0,0,0,0,0,1,0,0,5,64627
1351,0,1,0,0,0,1,0,1,1,1,10,99816
1352,0,0,0,0,0,1,1,0,1,1,1,53451
1353,1,0,0,0,1,1,1,0,1,1,8,87161
1354,0,0,1,1,1,1,0,0,0,1,2,66831
1355,1,0,0,0,0,0,1,0,0,0,3,50122
1356,0,0,0,1,0,1,0,0,0,1,0,45866
1357,1,0,0,0,1,1,0,0,1,1,5,70115
1358,0,0,1,0,0,0,0,1,0,1,0,43117
1359,0,1,0,0,1,0,1,0,0,0,8,73404
1360,0,1,1,1,0,0,1,0,1,1,0,58822
1361,1,0,1,1,0,1,0,1,1,0,5,81762
1362,0,0,0,0,1,0,0,1,1,1,9,84198
1363,1,1,0,0,0,0,0,1,1,0,8,83530
1364,0,0,0,1,0,0,0,0,1,1,3,61886
1365,0,0,1,0,0,1,1,0,0,0,5,67297
1366,1,1,1,0,0,0,0,1,1,1,2,67333
1367,1,0,0,0,0,1,1,1,1,1,10,98974
1368,0,1,0,1,0,1,1,1,1,1,3,75745
1369,0,0,1,0,1,0,0,1,0,0,1,48704
1370,1,0,1,0,0,1,1,0,0,0,2,58030
1371,1,1,0,1,0,1,0,1,0,0,10,93271
1372,0,0,1,1,0,0,0,1,0,1,2,55409
1373,1,1,1,1,0,1,0,1,1,1,1,74400
1374,0,0,0,1,1,1,1,1,1,1,4,78304
1375,0,1,0,1,1,1,1,0,1,0,2,66575
1376,1,1,1,0,0,1,1,1,1,1,0,71364
1377,0,0,0,1,1,0,1,1,1,0,6,81985
1378,0,0,0,0,0,1,1,1,0,0,0,40870
1379,1,1,1,1,0,0,1,0,0,1,3,71135
1380,1,1,0,0,1,0,1,0,0,0,6,76560
1381,0,1,1,0,0,1,0,1,0,0,1,57555
1382,0,1,0,0,1,0,0,1,0,1,8,81418
1383,1,0,0,0,1,1,0,1,0,0,5,69164
1384,0,0,1,1,1,1,1,1,1,1,5,91275
1385,1,0,0,1,1,1,1,0,1,1,0,64471
1386,0,1,1,1,1,1,1,0,0,1,6,87280
1387,1,0,0,0,0,1,1,1,1,1,4,78283
1388,0,0,0,1,0,1,0,1,1,1,2,61381
1389,0,1,1,0,1,1,0,0,0,0,4,61125
1390,1,0,1,1,0,0,1,1,0,0,1,58567
1391,0,0,1,0,0,1,0,1,0,1,2,58746
1392,1,1,0,0,0,1,1,0,1,1,9,98000
1393,1,1,0,0,0,0,1,0,0,1,10,89564
1394,1,1,1,1,1,1,0,1,1,0,10,114085
1395,1,1,1,0,1,1,1,0,1,1,6,89798
1396,0,0,1,1,0,0,0,0,1,0,6,73598
1397,1,0,1,0,0,1,1,0,1,1,4,77549
1398,0,1,0,0,1,1,1,1,0,0,9,95872
1399,0,0,1,1,0,0,0,1,1,0,10,92691
1400,1,1,1,1,1,0,0,0,0,1,5,82023
1401,1,0,0,0,0,0,1,0,0,1,7,68056
1402,1,1,1,1,1,1,0,0,0,0,0,62287
1403,0,1,0,1,1,0,0,1,1,0,1,54656
1404,1,1,0,1,0,1,0,1,0,1,9,99483
1405,1,0,1,1,0,1,0,1,1,0,9,98311
1406,1,1,1,1,1,0,0,0,0,1,6,81492
1407,0,0,1,0,0,1,1,1,0,1,0,59236
1408,0,1,0,1,0,0,0,0,0,1,3,54393
1409,1,1,0,1,0,1,1,1,0,1,7,94047
1410,0,1,1,1,0,1,1,0,0,1,5,78789
1411,1,0,1,0,1,0,0,1,0,1,7,87142
1412,0,0,1,1,0,1,0,1,0,1,5,75561
1413,0,1,0,0,1,1,1,0,0,1,7,84703
1414,0,0,1,0,0,1,1,0,0,1,2,55221
1415,0,1,0,0,1,0,1,1,0,0,9,82486
1416,0,1,1,0,0,0,0,0,1,1,1,53087
1417,1,0,1,0,0,1,1,1,1,1,8,94163
1418,1,0,0,0,1,0,0,1,0,0,7,74435
1419,0,1,0,1,1,1,1,1,0,0,8,93634
1420,0,0,1,1,0,0,0,1,0,0,6,68268
1421,1,1,0,1,0,1,1,0,1,0,1,63689
1422,1,1,0,1,1,0,1,0,1,1,2,68569
1423,1,1,0,1,0,0,1,0,1,0,3,70081
1424,1,1,1,0,1,1,0,1,0,1,3,75372
1425,0,0,1,0,0,0,0,1,0,1,3,59756
1426,0,1,1,0,1,0,1,1,1,1,9,99674
1427,0,0,0,1,0,1,0,0,0,0,3,48417
1428,1,0,0,0,0,1,0,0,1,0,3,56972
1429,1,1,1,0,1,1,1,0,0,1,3,79104
1430,1,1,0,0,0,1,0,1,1,0,9,86146
1431,0,0,1,0,0,1,1,1,0,1,8,88014
1432,1,1,1,0,1,1,1,1,1,1,0,76631
1433,0,1,0,1,1,0,1,0,1,1,9,95899
1434,0,0,0,0,0,0,0,0,0,0,3,41123
1435,0,0,0,1,0,0,1,1,0,0,6,70893
1436,0,1,0,1,0,0,0,0,1,1,1,57688
1437,0,0,0,1,1,0,1,1,0,0,6,75768
1438,0,1,0,0,1,0,1,1,0,1,5,70649
1439,1,1,1,0,0,1,0,0,0,0,3,65714
1440,0,1,0,0,1,0,0,1,1,0,0,50579
1441,1,0,0,1,1,0,0,0,0,0,1,47857
1442,0,0,1,1,0,1,1,1,0,0,7,82448
1443,1,0,1,0,1,0,0,1,1,0,10,95046
1444,0,1,1,1,0,0,0,1,1,1,5,77410
1445,0,0,0,1,0,0,1,0,0,1,5,68048
1446,1,1,0,1,0,0,0,1,1,1,2,72613
1447,0,1,0,0,1,0,1,0,1,1,5,71624
1448,0,0,0,0,1,0,0,0,1,0,4,53610
1449,1,1,0,1,0,0,0,0,0,0,1,53943
1450,0,1,1,0,0,0,1,1,0,1,10,96687
1451,1,1,0,0,1,0,1,0,0,0,6,69619
1452,1,1,1,0,1,0,1,1,1,0,8,97192
1453,0,0,0,1,0,1,0,1,0,1,3,57173
1454,1,0,1,1,0,0,0,0,1,0,10,88937
1455,1,1,1,0,1,1,0,0,0,0,10,98393
1456,0,0,1,1,1,0,1,1,1,0,8,88001
1457,0,1,0,0,0,1,1,0,1,1,4,71525
1458,1,1,0,1,0,1,0,1,0,0,5,76315
1459,0,1,1,0,1,0,1,1,0,0,2,60173
1460,1,0,1,1,1,1,0,0,1,0,7,92178
1461,1,0,1,1,1,0,0,1,0,1,10,100343
1462,1,1,0,1,0,1,0,1,1,0,10,102415
1463,1,1,1,0,0,0,0,0,0,0,6,66214
1464,1,1,1,1,1,0,0,0,1,1,5,83764
1465,0,1,1,1,0,0,1,1,0,0,7,86162
1466,0,1,1,1,1,1,1,0,1,0,10,105517
1467,0,1,1,0,0,1,1,0,0,1,9,93486
1468,1,1,0,0,1,1,1,0,0,1,6,81981
1469,1,0,0,0,0,0,1,0,0,0,1,41232
1470,0,0,0,0,0,0,0,1,0,0,3,45874
1471,1,1,0,0,0,0,1,0,1,1,0,52984
1472,0,0,0,0,0,0,0,0,0,1,2,47580
1473,0,1,0,0,1,0,0,1,0,1,1,52320
1474,1,0,1,1,0,1,1,1,1,1,0,71746
1475,1,0,1,1,1,0,1,0,0,1,5,83030
1476,0,1,0,1,1,0,1,1,0,1,3,69962
1477,1,1,0,0,0,0,0,1,0,0,4,59372
1478,0,0,0,0,1,1,0,1,1,0,6,74538
1479,0,1,1,0,0,0,1,0,0,0,3,61438
1480,1,0,1,1,1,1,1,0,1,1,1,78305
1481,1,1,1,0,0,1,0,1,1,1,7,89608
1482,0,1,1,0,1,1,0,1,1,0,10,99391
1483,1,1,0,0,1,0,0,1,1,1,9,95600
1484,1,0,1,1,1,0,0,1,1,0,4,78639
1485,0,0,1,1,0,1,0,0,1,1,9,95723
1486,1,0,1,1,0,1,0,1,1,0,4,71649
1487,1,1,0,1,0,1,1,0,0,0,5,78535
1488,0,0,0,0,1,1,1,0,1,0,2,60737
1489,1,0,1,1,1,1,1,1,1,0,6,89405
1490,0,1,0,1,1,1,1,0,1,1,3,74809
1491,1,0,0,0,1,0,1,1,1,1,3,76534
1492,1,1,0,0,1,0,0,1,1,0,5,79457
1493,0,1,1,1,0,0,1,1,0,1,2,63353
1494,1,0,0,0,0,1,1,0,0,1,0,53379
1495,1,0,1,1,1,0,0,0,1,0,4,66698
1496,1,1,0,0,0,0,0,1,1,1,1,56511
1497,0,1,0,0,0,0,0,1,0,1,7,73922
1498,1,0,0,0,0,1,0,1,0,0,3,54871
1499,1,0,0,0,1,0,1,1,0,1,6,79063
1500,0,0,1,1,0,0,1,0,0,0,7,71217
1501,0,0,1,0,1,1,0,1,1,0,2,61656
1502,0,0,1,0,1,0,1,0,1,0,8,79990
1503,1,0,0,0,0,1,1,1,0,1,1,57586
1504,1,0,1,1,0,0,0,0,1,1,9,90802
1505,1,0,1,0,1,0,1,0,0,1,2,64387
1506,0,1,0,1,0,0,0,0,1,1,5,73093
1507,1,1,0,1,1,1,1,0,1,0,2,68382
1508,0,1,0,1,1,0,1,0,1,0,6,83527
1509,1,0,0,1,1,1,1,0,0,0,0,59357
1510,0,0,1,0,0,0,0,0,1,0,5,61054
1511,1,1,1,1,0,1,1,1,1,0,1,72010
1512,0,1,1,0,0,0,0,0,0,1,4,57070
1513,0,1,0,0,1,1,0,1,1,1,10,98173
1514,0,1,0,0,0,0,1,1,0,1,0,47795
1515,1,1,0,1,0,1,0,0,1,1,0,56858
1516,0,0,1,0,1,0,1,0,0,0,4,57696
1517,1,1,0,1,1,1,0,1,1,0,8,94827
1518,0,1,0,0,0,0,0,1,1,1,3,63596
1519,1,0,1,1,1,1,1,1,0,1,3,80529
1520,0,1,0,0,1,1,1,0,0,0,7,75353
1521,1,1,0,1,1,1,0,1,0,0,5,75147
1522,1,1,0,0,1,1,0,0,0,1,3,63826
1523,1,1,1,0,1,0,0,1,1,0,9,97864
1524,1,1,1,1,0,0,0,1,1,1,10,107686
1525,1,0,0,0,0,1,0,0,0,0,7,70770
1526,0,0,1,1,0,0,1,0,1,1,4,75658
1527,0,1,0,0,1,0,0,1,0,1,6,74229
1528,0,0,1,1,0,1,0,0,0,0,10,81171
1529,0,0,0,0,1,0,1,1,1,1,5,77181
1530,1,1,0,0,1,0,0,0,0,0,0,46578
1531,0,1,0,1,0,1,1,1,1,0,7,91321
1532,1,0,1,1,1,0,0,0,1,0,8,91453
1533,1,0,0,0,1,0,0,0,1,0,2,54452
1534,0,1,0,0,1,0,0,1,0,0,8,77311
1535,0,0,1,0,0,1,0,1,1,1,3,64699
1536,1,0,1,0,0,0,1,1,0,1,1,58887
1537,0,0,0,1,1,0,0,1,1,1,0,55968
1538,1,0,1,0,0,1,0,1,1,1,8,93605
1539,1,0,1,1,0,0,0,0,0,0,1,50188
1540,1,1,1,1,1,0,0,0,1,1,5,81738
1541,1,1,0,0,0,0,1,0,1,1,3,69373
1542,1,0,1,1,0,0,1,0,0,1,0,50899
1543,1,1,0,1,0,0,1,0,0,1,5,73949
1544,1,1,0,0,1,1,0,0,0,0,8,85019
1545,1,1,1,0,1,0,1,0,1,0,1,66887
1546,0,0,1,0,0,0,1,1,0,1,5,74647
1547,1,1,1,1,1,1,1,1,0,1,10,119059
1548,0,1,0,0,0,1,0,1,1,0,9,89240
1549,1,0,1,0,0,1,0,0,1,1,5,75084
1550,0,0,0,1,0,0,0,0,0,0,0,30998
1551,1,1,0,0,0,1,1,1,0,1,4,76875
1552,0,1,0,0,0,1,1,1,0,0,8,84953
1553,1,0,1,0,1,1,0,1,0,0,8,82841
1554,0,0,1,0,1,1,1,0,1,1,8,93328
1555,0,0,0,1,0,0,1,1,1,1,8,88635
1556,0,1,1,1,1,0,1,0,0,1,0,57758
1557,1,1,1,0,0,0,1,0,1,1,4,74356
1558,0,1,1,0,0,0,0,0,1,0,0,44350
1559,1,1,0,0,0,1,0,1,0,1,4,72216
1560,1,0,1,1,0,1,0,0,1,1,10,104080
1561,0,1,0,0,1,0,1,1,1,0,10,93076
1562,1,0,1,0,1,1,1,1,1,1,3,77546
1563,0,1,1,0,1,1,0,0,1,1,2,72711
1564,0,0,1,1,1,0,1,1,1,1,5,86473
1565,1,1,1,0,1,0,1,0,0,1,5,75274
1566,0,0,1,1,0,1,0,1,1,0,10,93171
1567,0,0,0,0,1,0,0,1,1,0,8,78396
1568,1,0,1,1,1,1,0,1,1,1,8,100897
1569,0,1,0,0,0,0,0,1,0,0,8,76978
1570,1,0,0,0,0,1,0,0,0,1,0,46548
1571,0,0,0,1,0,0,0,0,1,0,6,64539
1572,1,0,1,0,1,1,0,1,1,0,6,87512
1573,1,0,1,1,0,1,1,0,1,1,9,102958
1574,1,0,1,0,0,0,0,1,0,0,10,89531
1575,1,1,1,1,1,1,1,0,0,0,5,81737
1576,1,0,0,1,1,0,0,1,1,0,9,89819
1577,1,1,1,1,0,0,0,1,0,0,3,62064
1578,1,1,1,1,1,1,1,1,1,1,6,106954
1579,0,0,1,1,1,0,0,0,0,1,8,81806
1580,0,1,1,0,0,1,0,0,0,1,9,87644
1581,1,0,1,0,1,0,1,0,1,0,10,95406
1582,0,0,0,1,0,1,1,0,0,0,6,70286
1583,1,1,1,1,1,0,1,1,0,1,4,82194
1584,1,1,1,1,0,0,1,0,0,1,8,87231
1585,1,1,1,0,0,1,0,1,0,0,9,86608
1586,1,1,0,1,0,1,0,1,1,0,10,101217
1587,1,1,1,1,1,1,0,0,1,0,6,87140
1588,1,0,0,0,0,1,0,1,0,0,3,59409
1589,0,0,1,1,1,0,1,0,1,0,7,79251
1590,1,0,1,1,1,0,1,0,0,0,9,88692
1591,1,0,0,1,0,1,0,0,0,1,8,78120
1592,0,1,0,1,0,1,0,0,1,1,4,70443
1593,1,0,1,1,0,0,1,1,1,1,7,96285
1594,1,0,1,1,0,1,1,0,0,1,6,83163
1595,1,1,1,1,1,1,0,0,1,0,0,61830
1596,0,1,1,1,1,0,1,1,0,0,10,99179
1597,0,0,1,0,0,1,0,1,0,1,0,47359
1598,0,0,1,0,0,0,1,0,0,0,8,67950
1599,1,1,0,1,0,1,0,1,0,1,7,83710
1600,0,1,1,1,0,0,0,0,1,1,3,66624
1601,1,0,1,0,1,0,0,0,1,1,7,86032
1602,1,0,1,0,0,1,1,0,0,1,9,88985
1603,1,0,1,0,0,0,1,0,1,0,7,74639
1604,1,1,1,1,0,1,0,0,1,0,0,60477
1605,1,0,0,0,0,1,0,0,0,0,6,60939
1606,1,1,0,0,0,0,0,0,1,0,2,52450
1607,1,1,1,0,0,0,1,1,1,1,2,73044
1608,1,1,1,0,1,1,0,1,1,0,4,77683
1609,0,1,1,1,0,0,0,1,1,0,0,52971
1610,0,1,0,0,1,0,0,1,1,0,0,51365
1611,0,1,0,1,1,1,1,1,1,0,3,73102
1612,1,1,0,0,1,1,0,1,0,1,7,83867
1613,0,0,0,0,1,0,0,0,0,1,1,46905
1614,1,0,0,1,1,1,1,0,1,0,0,62766
1615,0,1,0,0,1,1,0,1,1,0,2,67375
1616,0,0,1,0,1,1,1,1,1,1,6,89879
1617,0,0,0,1,0,1,0,0,1,1,8,81663
1618,0,0,0,1,0,0,1,0,1,1,4,63207
1619,1,0,0,0,0,0,1,1,0,1,7,76236
1620,1,1,1,0,0,0,1,1,1,0,3,74721
1621,1,1,0,1,1,1,1,0,1,1,9,105664
1622,0,0,0,0,1,0,0,1,0,1,10,86132
1623,1,0,0,0,0,0,1,1,1,1,8,86933
1624,1,0,0,1,0,1,0,1,0,1,4,73339
1625,0,1,1,1,0,1,0,1,0,0,7,84947
1626,0,1,0,1,1,0,1,1,0,1,6,82542
1627,1,0,1,0,1,0,1,0,1,0,6,83259
1628,1,1,1,1,1,1,1,1,0,0,4,85532
1629,0,1,1,0,1,0,0,1,1,0,5,77161
1630,0,1,1,0,1,1,1,0,0,1,2,72742
1631,0,1,0,1,1,1,1,0,1,1,10,103415
1632,0,0,1,0,1,1,1,0,0,0,7,80666
1633,1,0,1,0,1,0,0,1,0,0,1,53795
1634,1,0,0,1,1,1,1,0,0,1,3,76776
1635,0,1,0,0,0,1,0,0,1,0,1,52514
1636,0,1,1,0,0,0,0,1,1,0,5,71569
1637,0,0,0,0,1,0,0,0,1,1,5,61132
1638,0,1,0,1,0,0,0,0,0,1,6,69335
1639,0,0,1,0,1,1,1,0,1,0,10,93973
1640,1,1,0,1,0,1,1,0,0,0,1,55395
1641,0,1,0,0,1,0,1,1,0,1,6,82767
1642,1,0,1,0,1,1,1,1,1,0,2,72640
1643,1,0,0,0,1,0,1,0,1,1,2,58773
1644,0,0,0,0,1,0,1,1,0,0,5,66058
1645,1,0,0,1,1,0,0,1,1,1,7,86111
1646,0,1,1,0,1,1,1,0,1,1,10,108647
1647,1,0,1,1,0,1,1,0,1,1,1,72235
1648,1,1,1,1,0,0,1,1,1,1,10,108466
1649,0,0,1,1,1,1,0,0,0,1,2,66390
1650,1,0,0,0,1,0,1,1,0,1,1,59338
1651,1,1,1,1,1,0,1,1,0,1,10,109141
1652,1,1,1,1,0,0,0,0,0,1,6,75668
1653,1,1,0,1,1,1,1,1,0,1,9,110203
1654,0,0,1,1,1,0,0,1,1,0,7,80591
1655,1,1,1,1,1,0,1,0,1,0,1,70089
1656,1,0,1,1,0,0,0,1,0,1,7,86401
1657,1,1,0,1,0,1,0,0,1,0,4,66892
1658,1,1,1,1,0,1,1,0,1,0,6,91085
1659,0,1,0,0,1,1,1,1,0,1,7,92719
1660,1,0,0,1,1,0,1,1,1,1,10,106937
1661,1,0,0,1,1,1,1,0,0,0,4,69405
1662,1,1,1,0,1,1,0,1,1,0,3,76733
1663,1,1,1,0,0,0,1,1,0,0,1,61773
1664,0,0,0,1,1,0,0,0,0,0,4,53133
1665,0,1,1,1,0,0,0,0,0,0,10,84683
1666,1,0,0,1,1,0,1,1,0,1,10,99633
1667,0,0,0,0,0,0,1,1,0,1,3,57567
1668,1,1,1,0,1,0,1,1,0,0,0,56491
1669,1,1,0,0,0,0,1,0,0,1,6,74451
1670,1,1,1,0,1,1,0,0,1,0,1,64414
1671,1,1,1,1,1,0,0,1,0,1,1,72957
1672,1,1,1,1,0,1,1,0,0,1,2,72463
1673,1,1,0,1,0,1,1,1,0,0,0,55113
1674,0,1,1,0,0,1,0,0,0,0,4,62488
1675,0,0,1,1,0,1,0,0,0,0,6,65426
1676,1,1,1,0,0,0,1,1,1,1,4,82983
1677,0,1,0,1,1,0,1,1,0,0,2,62736
1678,1,1,0,1,1,1,1,0,0,0,10,102958
1679,1,1,0,1,0,1,1,1,0,0,8,88948
1680,1,0,1,0,1,1,0,0,1,1,7,89472
1681,0,0,1,1,1,1,1,1,1,0,6,93134
1682,0,0,1,0,1,0,1,1,0,0,9,90589
1683,0,1,1,1,1,1,1,1,0,0,2,76339
1684,1,0,1,0,0,1,1,1,0,1,8,95248
1685,1,1,0,1,0,1,1,1,1,1,6,96733
1686,1,1,1,0,1,0,0,0,0,1,2,60842
1687,0,0,1,0,1,0,0,0,0,1,3,56891
1688,1,1,0,1,0,1,1,0,1,0,8,96261
1689,1,1,1,0,0,0,1,0,1,0,1,54066
1690,1,0,1,0,1,1,1,0,0,0,7,84057
1691,1,0,0,0,0,1,1,0,0,1,5,73179
1692,1,0,0,0,0,1,0,0,1,1,0,52158
1693,0,0,1,0,0,1,0,0,1,0,8,75425
1694,1,0,0,0,0,0,0,0,1,0,7,63391
1695,0,0,0,1,1,0,0,0,0,0,3,47170
1696,1,0,0,0,0,1,1,0,0,0,3,60092
1697,0,0,1,0,1,0,0,0,1,0,7,70032
1698,0,1,0,0,1,0,1,0,0,0,6,65379
1699,0,1,1,1,1,0,1,0,1,0,6,83082
1700,0,0,0,0,1,1,1,0,0,1,9,90982
1701,1,1,1,0,0,0,1,0,1,0,3,66096
1702,0,1,1,1,0,1,1,0,1,0,6,86557
1703,0,1,0,0,1,0,1,0,1,0,2,57080
1704,1,1,0,1,1,1,1,1,1,1,3,83308
1705,0,1,0,1,1,0,1,1,1,0,8,94464
1706,0,1,0,0,1,1,1,0,0,0,10,90845
1707,0,1,1,0,1,0,1,0,1,0,8,90451
1708,1,0,1,0,0,1,1,0,0,0,8,80760
1709,0,1,0,0,1,0,0,1,0,0,4,57881
1710,1,1,1,0,0,0,0,1,1,0,8,88626
1711,1,0,1,0,1,0,1,0,1,1,4,73387
1712,0,1,1,0,1,1,1,0,1,0,3,68565
1713,1,1,1,0,0,0,0,0,1,0,2,54504
1714,1,1,1,0,1,1,0,1,0,1,9,105501
1715,1,1,1,0,0,0,1,0,1,1,0,58415
1716,1,0,1,0,0,0,1,0,1,0,5,74769
1717,1,1,1,1,0,0,0,0,0,0,2,62311
1718,0,0,0,1,0,1,1,0,1,0,6,75475
1719,1,0,0,0,1,1,0,0,0,1,9,82145
1720,1,1,1,1,0,0,0,1,1,0,5,81067
1721,1,0,1,1,1,1,0,0,1,0,0,57083
1722,0,1,0,1,0,1,0,1,1,0,0,50129
1723,1,0,1,1,0,1,1,0,1,0,4,80345
1724,0,0,0,1,0,1,1,1,1,0,2,61669
1725,1,1,1,0,0,1,0,1,1,1,6,91703
1726,1,1,0,0,1,1,1,1,1,0,2,75221
1727,1,0,1,0,1,0,1,0,0,0,2,54634
1728,1,1,1,1,1,0,0,1,1,1,3,78895
1729,0,1,0,1,1,0,0,1,0,1,6,82119
1730,0,0,0,0,1,0,1,0,1,1,4,70655
1731,1,1,0,0,0,0,1,1,1,0,2,64094
1732,0,0,0,1,0,1,0,0,1,0,1,49062
1733,1,0,1,0,1,0,1,1,0,1,4,76033
1734,0,1,1,1,1,0,1,0,0,0,9,90084
1735,0,1,0,1,1,0,1,0,1,1,3,74873
1736,1,0,1,0,1,1,0,1,1,0,3,70828
1737,1,0,0,1,1,1,0,1,0,0,8,88870
1738,1,0,1,1,1,1,0,0,0,0,1,62414
1739,0,0,1,1,0,1,1,0,1,1,7,88825
1740,1,0,0,1,0,1,0,1,0,1,10,90222
1741,1,1,1,1,0,1,0,0,0,0,8,85399
1742,1,0,0,1,0,0,0,0,0,1,1,50116
1743,0,0,0,1,1,1,1,1,0,1,1,64189
1744,1,1,1,1,1,0,1,0,0,1,6,88673
1745,1,1,1,0,0,0,0,1,0,0,0,50849
1746,1,0,0,1,0,1,0,1,0,1,5,76876
1747,0,0,0,1,1,0,1,1,1,1,9,95331
1748,0,0,0,1,1,0,0,1,0,0,2,49010
1749,1,1,0,0,0,1,1,0,0,1,1,59130
1750,0,1,1,1,1,1,1,1,0,0,4,82293
1751,0,0,0,1,1,1,1,1,1,0,3,70890
1752,0,0,1,1,1,0,0,0,0,0,0,45187
1753,1,1,1,1,1,0,0,0,0,1,10,103283
1754,1,1,0,1,0,1,0,0,1,1,6,83629
1755,0,1,1,0,1,0,0,0,1,0,0,50839
1756,0,0,1,0,1,0,1,1,1,0,2,65925
1757,1,1,0,1,1,1,1,1,0,1,4,90717
1758,1,1,1,1,1,0,1,1,1,1,1,79684
1759,0,0,1,1,0,0,1,1,1,0,7,82076
1760,1,1,1,1,1,1,1,0,0,1,3,78198
1761,1,0,1,1,1,1,1,0,0,0,10,95401
1762,1,0,0,0,1,0,1,0,1,1,2,67033
1763,1,0,1,0,1,1,0,0,0,1,8,83669
1764,0,1,0,1,0,1,0,0,0,1,8,77335
1765,0,1,1,1,1,1,1,0,1,0,1,72968
1766,1,0,1,0,1,1,1,0,0,0,0,52357
1767,1,1,1,1,0,1,0,0,0,0,9,90959
1768,1,0,0,0,0,0,0,0,0,1,6,68984
1769,1,0,0,0,0,0,1,1,0,1,5,66504
1770,1,0,1,0,1,1,1,1,1,1,9,110342
1771,0,1,1,0,0,1,0,1,0,0,5,73978
1772,0,0,0,1,0,1,0,1,1,1,7,80406
1773,0,1,1,0,0,0,0,1,0,1,0,46997
1774,0,0,1,1,0,1,1,1,1,0,8,89029
1775,1,0,1,0,1,0,1,1,0,1,8,89042
1776,1,0,0,1,1,0,1,0,1,1,3,69587
1777,0,1,1,0,0,1,1,0,1,0,0,55810
1778,1,1,0,1,1,1,1,0,0,1,9,101315
1779,0,1,0,1,1,0,1,1,1,1,1,64072
1780,1,0,0,0,1,1,0,0,1,0,8,79916
1781,0,1,0,1,1,0,1,0,1,0,7,80069
1782,0,0,1,0,0,0,0,0,0,0,2,47512
1783,1,1,0,1,1,0,0,0,1,0,2,62770
1784,0,0,1,0,0,1,0,0,1,0,4,59368
1785,1,0,0,1,0,1,1,0,0,0,4,69982
1786,0,0,1,0,1,1,0,1,1,1,0,64867
1787,0,1,0,0,1,1,1,1,1,0,4,71445
1788,0,0,1,0,0,0,0,1,1,0,8,81846
1789,0,1,0,0,0,1,0,0,1,0,4,65772
1790,0,1,1,0,1,1,1,0,0,1,2,67316
1791,0,0,1,0,0,0,1,1,0,0,9,84554
1792,1,0,0,0,1,1,1,0,0,0,5,66223
1793,1,0,1,0,0,0,0,0,1,1,8,86367
1794,1,1,1,0,1,0,0,0,0,0,0,47284
1795,1,1,0,0,1,0,1,0,0,0,4,65033
1796,1,0,0,0,0,1,0,0,1,1,7,79122
1797,0,0,1,1,1,0,1,0,1,0,8,86618
1798,1,0,1,1,0,0,1,1,0,0,1,60821
1799,0,0,1,0,1,0,1,1,0,1,1,58402
1800,1,1,1,1,1,1,1,1,1,0,9,107521
1801,1,1,0,1,1,0,1,1,1,0,6,86327
1802,1,0,0,0,0,0,1,0,1,1,8,83763
1803,0,1,1,1,0,1,0,0,0,0,6,78065
1804,0,0,1,1,1,1,1,0,1,1,3,78970
1805,0,0,0,0,0,0,0,1,0,0,5,55131
1806,0,1,1,1,1,0,0,0,1,1,6,84707
1807,0,0,1,0,0,0,1,0,1,0,9,76304
1808,0,1,0,0,0,0,0,0,1,1,7,69333
1809,0,0,1,1,1,0,1,1,0,1,8,88409
1810,0,1,1,0,1,0,0,1,0,1,3,70173
1811,1,1,0,0,1,1,0,0,0,0,5,69242
1812,1,0,0,1,0,1,0,0,0,1,5,72160
1813,1,1,1,1,0,1,1,1,0,0,2,69677
1814,1,0,0,0,1,1,1,0,1,1,4,80365
1815,0,1,0,1,1,0,1,1,0,1,5,77455
1816,1,1,0,0,1,0,1,0,1,0,9,87822
1817,1,1,1,0,1,0,1,0,1,1,4,80389
1818,0,1,0,1,0,0,1,0,0,1,5,67032
1819,1,1,0,0,1,0,1,0,0,1,9,87249
1820,1,1,1,0,1,0,0,0,1,0,1,63743
1821,0,1,0,0,1,1,0,1,0,1,2,62290
1822,0,1,1,0,0,0,1,1,0,0,9,88803
1823,1,0,0,1,1,0,0,0,1,0,8,85895
1824,0,1,0,1,1,0,1,1,1,0,2,66201
1825,1,0,0,0,1,1,1,1,0,1,3,71299
1826,0,1,1,1,0,1,0,1,1,0,10,100743
1827,1,0,0,1,1,1,1,0,0,1,8,88917
1828,1,1,0,1,0,0,1,1,0,1,8,88423
1829,0,1,1,1,1,0,1,1,1,1,8,106275
1830,1,0,1,0,0,1,0,0,1,1,1,61013
1831,1,0,1,1,0,1,1,1,1,0,2,74653
1832,1,0,1,1,1,0,0,0,0,0,10,90513
1833,0,0,0,1,0,1,1,1,0,1,6,83168
1834,1,0,0,1,0,1,0,0,0,1,9,86820
1835,1,0,1,1,0,0,0,0,0,0,7,75234
1836,1,1,1,1,0,1,0,0,1,0,1,67777
1837,1,0,1,0,1,1,1,0,1,0,1,60831
1838,0,1,0,0,0,1,1,0,1,0,1,57980
1839,0,0,0,0,0,1,1,0,1,1,6,69937
1840,1,0,0,1,0,1,0,1,0,0,6,74561
1841,1,0,0,0,1,0,1,1,0,1,5,78625
1842,1,0,1,0,1,1,1,1,0,1,5,84338
1843,1,1,1,0,1,0,1,0,1,0,7,85813
1844,1,1,0,0,1,1,0,0,1,0,5,73710
1845,0,1,1,1,1,0,1,0,0,0,8,90596
1846,0,1,0,1,1,1,0,0,0,0,6,75748
1847,0,1,1,0,1,0,0,0,0,0,6,70350
1848,0,0,1,1,1,1,0,1,1,1,6,92673
1849,0,1,1,0,0,1,0,1,0,0,2,54482
1850,1,0,0,1,1,1,1,1,1,1,8,106871
1851,0,1,0,0,0,1,0,1,1,0,9,90290
1852,0,0,0,1,0,0,1,1,1,0,0,53537
1853,0,0,0,0,0,1,1,0,1,0,6,65051
1854,1,1,1,1,1,0,1,1,0,0,4,83298
1855,1,1,0,1,0,0,1,0,1,1,9,94216
1856,0,0,1,0,0,0,1,0,1,1,6,78356
1857,1,0,0,0,1,1,1,1,1,1,7,92787
1858,0,0,0,1,1,1,0,1,1,1,10,99388
1859,0,0,1,0,0,0,1,1,1,0,10,94639
1860,0,1,1,1,0,0,0,0,1,1,5,77767
1861,1,1,0,1,0,1,1,0,1,0,0,63009
1862,1,1,1,1,1,1,1,1,1,0,7,107975
1863,1,1,0,1,0,1,0,0,0,1,1,63936
1864,1,0,0,1,1,0,1,0,1,0,8,82387
1865,1,0,1,1,0,1,1,0,0,0,3,65089
1866,1,0,0,0,1,1,0,0,1,1,8,84685
1867,0,0,0,1,0,1,0,0,1,0,10,86182
1868,0,0,1,0,1,1,1,1,1,0,10,100750
1869,1,0,0,1,0,0,1,0,0,1,6,70883
1870,1,1,0,0,0,1,1,1,0,1,4,72828
1871,1,0,1,0,1,1,0,1,0,1,6,79822
1872,0,1,0,0,1,1,0,0,0,1,1,51262
1873,0,0,0,0,0,0,0,0,0,1,0,30830
1874,1,0,0,1,0,0,1,1,0,1,5,71077
1875,1,0,0,0,0,0,1,0,1,1,8,77363
1876,0,0,0,0,0,0,0,1,1,1,0,42135
1877,1,1,1,0,1,0,1,0,0,1,5,76523
1878,1,0,0,1,0,0,1,0,0,1,9,85412
1879,0,1,0,1,0,0,0,0,0,1,0,44534
1880,0,1,0,0,0,1,0,1,1,0,8,81716
1881,1,0,0,1,0,0,0,0,0,1,9,81489
1882,1,0,1,0,1,1,1,1,0,1,8,96190
1883,0,1,0,1,0,1,1,0,1,1,1,62053
1884,1,0,1,1,1,1,0,0,1,0,0,55276
1885,0,1,1,0,0,1,1,0,1,1,8,91910
1886,0,0,0,1,1,1,1,0,0,1,4,74374
1887,1,1,0,1,0,1,1,0,1,1,2,68491
1888,0,1,0,0,1,1,1,0,0,0,7,78648
1889,1,1,1,1,0,0,0,1,0,1,1,66275
1890,1,0,1,1,0,1,0,0,1,0,9,87411
1891,0,1,1,0,1,1,1,0,0,0,0,57031
1892,1,1,1,1,1,0,0,0,1,0,8,92672
1893,1,0,0,1,0,0,1,0,1,0,9,85511
1894,1,0,1,0,0,0,1,0,1,0,5,70557
1895,0,1,1,0,0,0,1,1,1,1,6,81252
1896,1,1,0,0,1,0,0,0,1,1,9,88862
1897,0,0,0,1,1,1,1,0,1,1,0,61616
1898,1,1,0,0,0,0,0,0,0,1,5,64851
1899,1,0,0,1,0,1,0,1,1,1,0,64260
1900,0,0,1,1,1,0,1,1,0,1,1,65801
1901,0,0,1,1,0,0,1,0,1,0,4,67164
1902,0,1,1,0,1,1,1,1,0,0,10,99263
1903,0,0,1,1,0,1,1,1,1,1,2,71485
1904,0,0,0,0,0,0,1,1,1,0,10,83729
1905,0,0,0,0,0,1,0,1,1,0,7,70979
1906,0,1,0,0,1,0,0,1,1,1,7,85895
1907,1,0,1,1,0,1,1,1,0,1,10,108119
1908,1,1,1,1,0,1,0,1,1,1,4,83384
1909,1,0,1,1,1,0,1,1,1,0,6,84570
1910,0,0,1,1,0,1,0,1,1,0,9,94683
1911,1,0,0,0,1,0,1,0,0,0,4,58136
1912,1,1,0,0,1,1,1,1,0,0,9,97495
1913,1,1,1,0,0,0,1,1,1,1,0,60633
1914,1,0,1,0,1,0,1,1,1,0,10,95965
1915,0,1,1,1,1,0,1,1,1,0,8,99498
1916,0,0,1,1,0,1,1,1,1,1,8,99667
1917,0,1,1,1,1,0,1,1,0,1,3,78493
1918,1,0,0,1,1,1,0,1,0,0,10,99930
1919,0,1,0,0,1,0,0,1,0,1,6,76424
1920,0,0,1,1,1,1,1,1,1,0,4,82580
1921,1,0,0,1,1,1,0,1,0,0,2,65509
1922,0,1,1,0,1,1,0,0,0,0,8,81244
1923,1,0,0,1,1,0,1,0,0,1,4,72868
1924,0,1,0,1,1,0,1,1,0,0,6,80451
1925,0,1,1,0,1,0,0,1,1,1,7,86562
1926,1,0,0,0,0,0,1,1,0,0,1,47221
1927,1,0,1,1,1,0,1,1,0,1,10,107917
1928,0,0,0,0,0,1,0,1,1,0,8,81205
1929,0,1,1,1,1,0,0,0,0,0,4,61683
1930,0,1,0,1,1,0,0,0,0,1,8,83920
1931,1,0,1,1,1,1,1,1,1,0,2,77194
1932,0,1,1,1,0,0,1,1,0,0,7,84517
1933,1,1,1,0,1,0,1,1,1,0,6,90859
1934,0,1,1,0,1,0,0,1,1,1,2,65110
1935,0,0,0,1,0,0,0,1,1,1,8,83040
1936,0,1,1,1,0,1,0,1,1,1,0,65211
1937,0,1,0,0,1,0,0,0,1,0,1,53034
1938,1,0,1,1,1,1,0,1,1,1,1,77414
1939,0,1,1,1,1,0,0,0,0,0,3,66115
1940,0,0,0,1,0,0,0,1,0,0,10,75329
1941,1,0,1,1,0,1,1,1,0,1,1,67119
1942,1,0,0,0,0,0,0,0,1,1,5,68706
1943,0,1,1,1,1,0,1,1,0,0,0,63806
1944,0,0,0,0,1,0,1,1,1,0,5,70057
1945,0,1,0,0,1,0,0,0,1,1,4,69331
1946,0,1,1,1,1,0,0,1,0,1,10,98326
1947,1,0,1,1,0,1,1,1,0,0,1,60049
1948,1,0,0,1,0,0,0,0,1,0,3,56903
1949,1,1,0,0,1,1,1,1,0,0,7,91783
1950,1,1,0,1,1,1,1,0,0,0,6,79352
1951,0,0,0,0,0,0,1,0,1,1,6,71989
1952,1,0,1,0,1,1,0,0,1,0,3,65116
1953,0,0,1,0,1,0,1,1,0,1,1,56026
1954,0,1,1,1,1,1,0,0,0,1,8,92999
1955,0,1,0,0,1,0,1,0,0,1,4,63991
1956,1,0,0,0,0,0,1,0,0,1,2,48686
1957,0,0,0,0,1,0,1,0,1,0,5,66796
1958,0,0,0,1,0,0,0,1,0,0,3,52875
1959,1,1,0,0,0,1,1,0,1,0,6,76689
1960,0,0,0,0,0,1,0,1,0,1,10,81133
1961,1,1,1,0,1,1,1,0,0,0,9,96814
1962,0,1,1,0,1,1,1,1,1,1,9,108924
1963,1,1,0,1,1,1,1,1,1,1,0,78547
1964,0,0,0,1,1,0,0,0,0,0,2,47111
1965,0,0,1,0,1,0,1,1,1,0,7,83573
1966,0,1,0,1,0,1,1,0,1,1,9,94148
1967,1,1,0,1,1,0,0,0,0,1,1,54509
1968,1,1,0,0,1,1,1,1,1,1,4,82273
1969,0,0,0,0,1,0,1,0,0,0,10,75305
1970,0,0,1,1,0,1,1,0,1,1,8,90570
1971,1,1,0,1,1,0,1,0,1,1,6,91667
1972,0,0,0,1,1,0,0,1,1,1,8,88688
1973,1,1,1,0,0,1,1,1,1,1,4,88358
1974,1,0,0,0,1,1,1,1,0,1,6,86132
1975,1,0,1,0,0,1,1,0,1,1,3,73474
1976,1,0,1,1,1,0,0,0,0,1,8,90385
1977,0,0,1,1,1,1,1,0,1,0,7,88466
1978,1,1,0,0,0,1,0,0,1,1,3,67207
1979,1,0,1,0,1,0,1,0,1,0,10,95848
1980,0,0,1,1,0,1,1,0,0,0,0,50458
1981,0,0,1,0,0,0,1,0,1,1,4,64344
1982,1,0,1,0,0,1,1,1,1,1,0,64738
1983,0,0,0,1,0,0,1,1,1,1,0,58269
1984,1,0,0,0,1,0,1,0,1,1,6,77558
1985,1,0,1,0,1,0,0,1,0,1,2,66192
1986,0,0,0,1,1,1,1,1,0,1,10,100705
1987,1,1,1,0,0,0,0,0,0,0,5,60644
1988,1,0,1,1,1,0,0,1,0,1,10,99119
1989,1,0,1,0,0,1,0,0,1,1,3,66603
1990,1,0,1,1,0,1,1,0,0,0,8,88429
1991,1,0,0,1,1,1,1,0,0,1,5,77491
1992,0,1,1,1,0,0,0,1,1,0,5,73062
1993,0,1,0,1,1,1,0,1,0,1,7,84332
1994,1,0,0,1,1,0,1,0,1,1,8,96650
1995,0,1,0,0,1,1,1,0,1,1,2,64037
1996,0,1,1,1,0,1,0,0,1,1,3,69084
1997,1,0,0,1,0,0,0,0,0,1,8,73977
1998,0,1,1,0,1,1,0,0,0,0,5,65569
1999,1,1,0,1,0,1,1,0,0,0,0,57053
2000,0,0,0,1,1,1,0,1,1,0,5,78576
